genotipo,planta,Clone,Ubicacion,Heading.date ,Lenght.day,Tmean,Tmin,Tmax,N.espigui.espi,N.gr20 ,N.gr.total,Fertility,Tallo.emer
T218T21AH1S,1,1,invernadero,15/02/13,10.48,23.90,9.3,38.5,20,0,0,0,1
T218T21AH1S,1,1,invernadero,18/02/13,10.55,20.40,11.7,29.1,20,0,0,0,2
T218T21AH1S,1,1,invernadero,01/03/13,11.21,22.35,9,35.7,20,0,0,0,3
T218T21AH1S,1,1,invernadero,04/03/13,11.28,17.40,10.4,24.4,20,0,0,0,4
T218T21AH1S,1,1,invernadero,15/03/13,11.55,23.30,7.2,39.4,12,2,2,10,5
T218T21AH1S,4,1,invernadero,18/02/13,10.55,20.40,11.7,29.1,20,0,0,0,1
T218T21AH1S,4,1,invernadero,21/02/13,11.02,14.60,11.2,18,20,0,0,0,2
T218T21AH1S,4,1,invernadero,04/03/13,11.28,17.40,10.4,24.4,20,0,0,0,3
T218T21AH1S,4,1,invernadero,04/03/13,11.28,17.40,10.4,24.4,20,0,0,0,4
T218T21AH1S,4,1,invernadero,04/03/13,11.28,17.40,10.4,24.4,20,0,0,0,5
T218T21AH1S,4,1,invernadero,06/03/13,11.33,22.30,12.8,31.8,20,0,0,0,6
T218T21AH1S,4,1,invernadero,06/03/13,11.33,22.30,12.8,31.8,20,0,0,0,7
T218T21AH1S,4,1,invernadero,08/03/13,11.38,24.40,14,34.8,20,0,0,0,8
T218T21AH1S,4,1,invernadero,08/03/13,11.38,24.40,14,34.8,20,0,0,0,9
T218T21AH1S,4,1,invernadero,08/03/13,11.38,24.40,14,34.8,20,0,0,0,10
T218T21AH1S,5,1,invernadero,21/02/13,11.02,14.60,11.2,18,20,0,0,0,1
T218T21AH1S,5,1,invernadero,08/03/13,11.38,24.40,14,34.8,20,0,0,0,2
T218T21AH1S,5,1,invernadero,11/03/13,11.45,24.35,11.7,37,20,0,0,0,3
T218T21AH1S,5,1,invernadero,15/03/13,11.55,23.30,7.2,39.4,20,0,0,0,4
T218T21AH1S,6,1,invernadero,15/02/13,10.48,23.90,9.3,38.5,20,0,0,0,1
T218T21AH1S,6,1,invernadero,18/02/13,10.55,20.40,11.7,29.1,20,0,0,0,2
T218T21AH1S,6,1,invernadero,20/02/13,11.00,23.00,11.2,34.8,20,0,0,0,3
T218T21AH1S,6,1,invernadero,25/02/13,11.11,20.80,6.4,35.2,20,0,0,0,4
T218T21AH1S,6,1,invernadero,25/02/13,11.11,20.80,6.4,35.2,20,0,0,0,5
T218T21AH1S,6,1,invernadero,26/02/13,11.13,22.60,10.4,34.8,20,0,0,0,6
T218T21AH1S,6,1,invernadero,26/02/13,11.13,22.60,10.4,34.8,20,0,0,0,7
T218T21AH1S,6,1,invernadero,26/02/13,11.13,22.60,10.4,34.8,20,0,0,0,8
T218T21AH1S,6,1,invernadero,01/03/13,11.21,22.35,9,35.7,20,1,1,5,9
T218T21AH1S,6,1,invernadero,04/03/13,11.28,17.40,10.4,24.4,20,0,0,0,10
T218T21AH1S,6,1,invernadero,04/03/13,11.28,17.40,10.4,24.4,20,0,0,0,11
T218T21AH1S,7,1,invernadero,13/02/13,10.43,18.70,8,29.4,20,0,0,0,1
T218T21AH1S,7,1,invernadero,16/02/13,10.51,22.70,9.3,36.10,20,0,0,0,2
T218T21AH1S,7,1,invernadero,18/02/13,10.55,20.40,11.7,29.1,20,0,0,0,3
T218T21AH1S,7,1,invernadero,20/02/13,11.00,23.00,11.2,34.8,20,0,0,0,4
T218T21AH1S,7,1,invernadero,20/02/13,11.00,23.00,11.2,34.8,20,0,0,0,5
T218T21AH1S,7,1,invernadero,25/02/13,11.11,20.80,6.4,35.2,20,0,0,0,6
T218T21AH1S,7,1,invernadero,25/02/13,11.11,20.80,6.4,35.2,20,0,0,0,7
T218T21AH1S,7,1,invernadero,26/02/13,11.13,22.60,10.4,34.8,20,0,0,0,8
T218T21AH1S,7,1,invernadero,07/03/13,11.35,21.95,14.5,29.4,20,0,0,0,9
T218T21AH1S,7,1,invernadero,08/03/13,11.38,24.40,14,34.8,20,0,0,0,10
T218T21AH1S,8,1,invernadero,13/02/13,10.43,18.70,8,29.4,22,4,4,20,1
T218T21AH1S,8,1,invernadero,15/02/13,10.48,23.90,9.3,38.5,20,0,0,0,2
T218T21AH1S,8,1,invernadero,19/02/13,10.57,16.10,12,20.2,18,1,1,5,3
T218T21AH1S,8,1,invernadero,20/02/13,11.00,23.00,11.2,34.8,20,0,0,0,4
T218T21AH1S,8,1,invernadero,27/02/13,11.16,22.80,6.2,39.4,20,0,0,0,5
T218T21AH1S,8,1,invernadero,27/02/13,11.16,22.80,6.2,39.4,20,0,0,0,6
T218T21AH1S,8,1,invernadero,27/02/13,11.16,22.80,6.2,39.4,20,0,0,0,7
T218T21AH1S,8,1,invernadero,01/03/13,11.21,22.35,9,35.7,20,0,0,0,8
T218T21AH1S,8,1,invernadero,01/03/13,11.21,22.35,9,35.7,20,0,0,0,9
T218T21AH1S,8,1,invernadero,01/03/13,11.21,22.35,9,35.7,20,0,0,0,10
T218T21AH1S,8,1,invernadero,01/03/13,11.21,22.35,9,35.7,20,0,0,0,11
T218T21AH1S,3,2,invernadero,14/02/13,10.46,23.15,9.3,37,20,0,0,0,1
T218T21AH1S,3,2,invernadero,18/02/13,10.55,20.40,11.7,29.1,20,0,0,0,2
T218T21AH1S,3,2,invernadero,24/02/13,11.09,21.20,7.2,35.2,20,0,0,0,3
T218T21AH1S,3,2,invernadero,26/02/13,11.13,22.60,10.4,34.8,20,0,0,0,4
T218T21AH1S,3,2,invernadero,13/03/13,11.50,22.65,10.1,35.2,20,0,0,0,5
T218T21AH1S,3,3,invernadero,06/03/13,11.33,22.30,12.8,31.8,20,0,0,0,1
T218T21AH1S,3,3,invernadero,08/03/13,11.38,24.40,14,34.8,20,2,6,10,2
T218T21AH1S,3,3,invernadero,10/03/13,11.42,24.15,11.7,36.6,18,2,2,10,3
T218T21AH1S,3,3,invernadero,15/03/13,11.55,23.30,7.2,39.4,18,1,1,5,4
T218T21AH1S,3,3,invernadero,16/03/13,11.57,23.80,11.5,36.1,16,14,20,70,5
T218T21AH1S,3,3,invernadero,17/03/13,12.00,21.90,11.2,32.6,16,1,1,5,6
T218T21AH1S,3,3,invernadero,18/03/13,12.03,23.35,10.1,36.6,16,9,10,45,7
T218T21AH1S,3,3,invernadero,18/03/13,12.03,23.35,10.1,36.6,16,1,1,5,8
T218T21AH1S,3,3,invernadero,18/03/13,12.03,23.35,10.1,36.6,16,7,7,35,9
T218T21AH1S,3,3,invernadero,18/03/13,12.03,23.35,10.1,36.6,20,0,0,0,10
T218T21AH1S,3,3,invernadero,18/03/13,12.03,23.35,10.1,36.6,20,0,0,0,11
T218T552,11,1,invernadero,13/02/13,10.43,18.70,8,29.4,20,0,0,0,1
T218T552,11,1,invernadero,15/02/13,10.48,23.90,9.3,38.5,20,0,0,0,2
T218T552,11,1,invernadero,25/02/13,11.11,20.80,6.4,35.2,20,0,0,0,3
T218T552,11,1,invernadero,25/02/13,11.11,20.80,6.4,35.2,20,0,0,0,4
T218T552,11,1,invernadero,26/02/13,11.13,22.60,10.4,34.8,20,0,0,0,5
T218T552,11,1,invernadero,27/02/13,11.16,22.80,6.2,39.4,20,0,0,0,6
T218T552,11,1,invernadero,01/03/13,11.21,22.35,9,35.7,20,0,0,0,7
T218T552,11,1,invernadero,01/03/13,11.21,22.35,9,35.7,20,0,0,0,8
T218T552,11,1,invernadero,06/03/13,11.33,22.30,12.8,31.8,20,0,0,0,9
T218T552,11,1,invernadero,06/03/13,11.33,22.30,12.8,31.8,20,0,0,0,10
T218T552,11,1,invernadero,08/03/13,11.38,24.40,14,34.8,20,0,0,0,11
T218T552,12,1,invernadero,16/02/13,10.51,22.70,9.3,36.10,20,0,0,0,1
T218T552,12,1,invernadero,18/02/13,10.55,20.40,11.7,29.1,20,0,0,0,2
T218T552,12,1,invernadero,21/02/13,11.02,14.60,11.2,18,20,0,0,0,3
T218T552,12,1,invernadero,01/03/13,11.21,22.35,9,35.7,20,0,0,0,4
T218T552,12,1,invernadero,01/03/13,11.21,22.35,9,35.7,20,0,0,0,5
T218T552,12,1,invernadero,14/03/13,11.52,23.40,6.4,40.4,20,0,1,0,6
T218T552,13,1,invernadero,13/02/13,10.43,18.70,8,29.4,20,0,0,0,1
T218T552,13,1,invernadero,16/02/13,10.51,22.70,9.3,36.10,20,0,0,0,2
T218T552,13,1,invernadero,20/02/13,11.00,23.00,11.2,34.8,20,0,0,0,3
T218T552,13,1,invernadero,26/02/13,11.13,22.60,10.4,34.8,20,0,0,0,4
T218T552,13,1,invernadero,27/02/13,11.16,22.80,6.2,39.4,20,0,0,0,5
T218T552,13,1,invernadero,01/03/13,11.21,22.35,9,35.7,20,0,0,0,6
T218T552,13,1,invernadero,01/03/13,11.21,22.35,9,35.7,20,0,0,0,7
T218T552,13,1,invernadero,04/03/13,11.28,17.40,10.4,24.4,20,0,0,0,8
T218T552,13,1,invernadero,06/03/13,11.33,22.30,12.8,31.8,20,0,0,0,9
T218T552,13,1,invernadero,08/03/13,11.38,24.40,14,34.8,20,0,0,0,10
T218T552,14,1,invernadero,11/02/13,10.39,20.55,10.1,31,20,0,0,0,1
T218T552,14,1,invernadero,15/02/13,10.48,23.90,9.3,38.5,20,0,0,0,2
T218T552,14,1,invernadero,15/02/13,10.48,23.90,9.3,38.5,20,0,0,0,3
T218T552,14,1,invernadero,22/02/13,11.04,18.65,11.5,25.8,20,0,0,0,4
T218T552,14,1,invernadero,22/02/13,11.04,18.65,11.5,25.8,20,0,0,0,5
T218T552,14,1,invernadero,22/02/13,11.04,18.65,11.5,25.8,20,0,0,0,6
T218T552,14,1,invernadero,27/02/13,11.16,22.80,6.2,39.4,20,0,0,0,7
T218T552,14,1,invernadero,01/03/13,11.21,22.35,9,35.7,20,0,0,0,8
T218T552,14,1,invernadero,01/03/13,11.21,22.35,9,35.7,20,0,0,0,9
T218T552,14,1,invernadero,04/03/13,11.28,17.40,10.4,24.4,20,0,0,0,10
T218T552,14,1,invernadero,04/03/13,11.28,17.40,10.4,24.4,20,0,0,0,11
T218T650,11,1,invernadero,15/02/13,10.48,23.90,9.3,38.5,20,19,57,95,1
T218T650,11,1,invernadero,23/02/13,11.06,21.70,11.2,32.2,17,19,49,95,2
T218T650,11,1,invernadero,28/02/13,11.18,16.50,8.3,24.7,18,17,33,85,3
T218T650,11,1,invernadero,01/03/13,11.21,22.35,9,35.7,18,17,41,85,4
T218T650,11,1,invernadero,02/03/13,11.23,23.00,8.5,37.5,19,18,48,90,5
T218T650,11,1,invernadero,03/03/13,11.25,23.90,11.2,36.6,20,15,39,75,6
T218T650,11,1,invernadero,06/03/13,11.33,22.30,12.8,31.8,18,15,25,75,7
T218T650,11,1,invernadero,06/03/13,11.33,22.30,12.8,31.8,16,18,33,90,8
T218T650,12,1,invernadero,21/02/13,11.02,14.60,11.2,18,16,18,49,90,1
T218T650,12,1,invernadero,22/02/13,11.04,18.65,11.5,25.8,16,18,47,90,2
T218T650,12,1,invernadero,25/02/13,11.11,20.80,6.4,35.2,18,19,57,95,3
T218T650,12,1,invernadero,06/03/13,11.33,22.30,12.8,31.8,16,18,31,90,4
T218T650,12,1,invernadero,08/03/13,11.38,24.40,14,34.8,16,16,27,80,5
T218T650,12,1,invernadero,08/03/13,11.38,24.40,14,34.8,16,15,30,75,6
T218T650,12,1,invernadero,08/03/13,11.38,24.40,14,34.8,16,17,20,85,7
T218T650,12,1,invernadero,08/03/13,11.38,24.40,14,34.8,16,9,33,45,8
T218T650,12,1,invernadero,13/03/13,11.50,22.65,10.1,35.2,16,16,29,80,9
T218T650,12,1,invernadero,13/03/13,11.50,22.65,10.1,35.2,14,15,20,75,10
T218T650,13,1,invernadero,16/02/13,10.51,22.70,9.3,36.10,20,18,53,90,1
T218T650,13,1,invernadero,22/02/13,11.04,18.65,11.5,25.8,16,18,44,90,2
T218T650,13,1,invernadero,25/02/13,11.11,20.80,6.4,35.2,18,18,41,90,3
T218T650,13,1,invernadero,27/02/13,11.16,22.80,6.2,39.4,18,20,48,100,4
T218T650,13,1,invernadero,01/03/13,11.21,22.35,9,35.7,18,19,48,95,5
T218T650,13,1,invernadero,02/03/13,11.23,23.00,8.5,37.5,18,19,39,95,6
T218T650,13,1,invernadero,02/03/13,11.23,23.00,8.5,37.5,18,18,36,90,7
T218T650,13,1,invernadero,03/03/13,11.25,23.90,11.2,36.6,16,14,33,70,8
T218T650,13,1,invernadero,06/03/13,11.33,22.30,12.8,31.8,16,16,36,80,9
T218T650,14,1,invernadero,18/02/13,10.55,20.40,11.7,29.1,16,18,42,90,1
T218T650,14,1,invernadero,21/02/13,11.02,14.60,11.2,18,16,19,42,95,2
T218T650,14,1,invernadero,21/02/13,11.02,14.60,11.2,18,12,20,35,100,3
T218T650,14,1,invernadero,26/02/13,11.13,22.60,10.4,34.8,14,19,47,95,4
T218T650,14,1,invernadero,01/03/13,11.21,22.35,9,35.7,16,18,39,90,5
T218T650,14,1,invernadero,04/03/13,11.28,17.40,10.4,24.4,18,16,37,80,6
T218T650,14,1,invernadero,04/03/13,11.28,17.40,10.4,24.4,18,16,43,80,7
T218T650,14,1,invernadero,08/03/13,11.38,24.40,14,34.8,14,15,28,75,8
T218T650,14,1,invernadero,08/03/13,11.38,24.40,14,34.8,14,14,20,70,9
T218T650,14,1,invernadero,08/03/13,11.38,24.40,14,34.8,16,17,31,85,10
T236T552,10,1,invernadero,10/02/13,10.37,19.00,6.2,31.8,20,0,0,0,1
T236T552,10,1,invernadero,11/02/13,10.39,20.55,10.1,31,20,0,0,0,2
T236T552,10,1,invernadero,26/02/13,11.13,22.60,10.4,34.8,20,0,0,0,3
T236T552,10,1,invernadero,06/03/13,11.33,22.30,12.8,31.8,20,0,0,0,4
T236T552,10,1,invernadero,14/03/13,11.52,23.40,6.4,40.4,20,0,0,0,5
T236T552,11,1,invernadero,14/02/13,10.46,23.15,9.3,37,20,0,0,0,1
T236T552,11,1,invernadero,20/02/13,11.00,23.00,11.2,34.8,20,0,0,0,2
T236T552,11,1,invernadero,23/02/13,11.06,21.70,11.2,32.2,20,0,0,0,3
T236T552,11,1,invernadero,25/02/13,11.11,20.80,6.4,35.2,20,0,0,0,4
T236T552,11,1,invernadero,06/03/13,11.33,22.30,12.8,31.8,20,0,0,0,5
T236T552,11,1,invernadero,13/03/13,11.50,22.65,10.1,35.2,20,0,0,0,6
T236T552,13,1,invernadero,25/02/13,11.11,20.80,6.4,35.2,20,0,0,0,1
T236T552,13,1,invernadero,26/02/13,11.13,22.60,10.4,34.8,20,0,0,0,2
T236T552,13,1,invernadero,26/02/13,11.13,22.60,10.4,34.8,20,0,0,0,3
T236T552,13,1,invernadero,27/02/13,11.16,22.80,6.2,39.4,20,0,0,0,4
T236T552,13,1,invernadero,27/02/13,11.16,22.80,6.2,39.4,20,0,0,0,5
T236T552,13,1,invernadero,04/03/13,11.28,17.40,10.4,24.4,20,0,0,0,6
T236T552,13,1,invernadero,08/03/13,11.38,24.40,14,34.8,20,0,0,0,7
T236T552,13,1,invernadero,08/03/13,11.38,24.40,14,34.8,20,0,0,0,8
T236T552,13,1,invernadero,11/03/13,11.45,24.35,11.7,37,20,0,0,0,9
T236T552,13,1,invernadero,11/03/13,11.45,24.35,11.7,37,20,0,0,0,10
T593T21,1,1,invernadero,14/02/13,10.46,23.15,9.3,37,20,0,0,0,1
T593T21,1,1,invernadero,22/02/13,11.04,18.65,11.5,25.8,20,0,0,0,2
T593T21,1,1,invernadero,22/02/13,11.04,18.65,11.5,25.8,20,0,0,0,3
T593T21,1,1,invernadero,25/02/13,11.11,20.80,6.4,35.2,20,0,0,0,4
T593T21,1,1,invernadero,06/03/13,11.33,22.30,12.8,31.8,20,0,0,0,5
T593T21,1,1,invernadero,11/03/13,11.45,24.35,11.7,37,20,0,0,0,6
T593T21,1,1,invernadero,11/03/13,11.45,24.35,11.7,37,20,0,0,0,7
T593T21,1,1,invernadero,11/03/13,11.45,24.35,11.7,37,20,0,0,0,8
T593T21,1,1,invernadero,13/03/13,11.50,22.65,10.1,35.2,20,0,0,0,9
T593T21,1,1,invernadero,13/03/13,11.50,22.65,10.1,35.2,20,0,0,0,10
T593T21,2,1,invernadero,14/02/13,10.46,23.15,9.3,37,20,0,0,0,1
T593T21,2,1,invernadero,15/02/13,10.48,23.90,9.3,38.5,20,0,0,0,2
T593T21,2,1,invernadero,18/02/13,10.55,20.40,11.7,29.1,20,0,0,0,3
T593T21,2,1,invernadero,25/02/13,11.11,20.80,6.4,35.2,20,0,0,0,4
T593T21,2,1,invernadero,01/03/13,11.21,22.35,9,35.7,20,0,0,0,5
T593T21,2,1,invernadero,06/03/13,11.33,22.30,12.8,31.8,20,1,1,5,6
T593T21,2,1,invernadero,08/03/13,11.38,24.40,14,34.8,20,0,0,0,7
T593T21,2,1,invernadero,08/03/13,11.38,24.40,14,34.8,20,0,0,0,8
T593T21,3,1,invernadero,17/02/13,10.53,19.55,12.6,26.5,18,2,3,10,1
T593T21,3,1,invernadero,19/02/13,10.57,16.10,12,20.2,18,5,9,25,2
T593T21,3,1,invernadero,24/02/13,11.09,21.20,7.2,35.2,18,9,13,45,3
T593T21,3,1,invernadero,26/02/13,11.13,22.60,10.4,34.8,18,7,8,35,4
T593T21,3,1,invernadero,27/02/13,11.16,22.80,6.2,39.4,20,0,0,0,5
T593T21,3,1,invernadero,01/03/13,11.21,22.35,9,35.7,18,0,1,5,6
T593T21,3,1,invernadero,04/03/13,11.28,17.40,10.4,24.4,18,1,2,5,7
T593T21,3,1,invernadero,06/03/13,11.33,22.30,12.8,31.8,20,0,0,0,8
T593T21,3,1,invernadero,08/03/13,11.38,24.40,14,34.8,20,0,0,0,9
T593T21,4,1,invernadero,17/02/13,10.53,19.55,12.6,26.5,18,1,1,5,1
T593T21,4,1,invernadero,18/02/13,10.55,20.40,11.7,29.1,16,2,2,10,2
T593T21,4,1,invernadero,19/02/13,10.57,16.10,12,20.2,20,0,0,0,3
T593T21,4,1,invernadero,27/02/13,11.16,22.80,6.2,39.4,18,2,2,10,4
T593T21,4,1,invernadero,02/03/13,11.23,23.00,8.5,37.5,20,0,0,0,5
T593T21,4,1,invernadero,03/03/13,11.25,23.90,11.2,36.6,20,0,0,0,6
T593T21,4,1,invernadero,04/03/13,11.28,17.40,10.4,24.4,20,0,0,0,7
T593T21,4,1,invernadero,04/03/13,11.28,17.40,10.4,24.4,20,0,0,0,8
T593T21,4,1,invernadero,04/03/13,11.28,17.40,10.4,24.4,20,0,0,0,9
T593T21,4,1,invernadero,06/03/13,11.33,22.30,12.8,31.8,14,1,1,5,10
T593T21,5,1,invernadero,14/02/13,10.46,23.15,,,16,0,2,0,1
T593T21,5,1,invernadero,15/02/13,10.48,23.90,9.3,38.5,20,0,0,0,2
T593T21,5,1,invernadero,17/02/13,10.53,19.55,12.6,26.5,18,1,1,5,3
T593T21,5,1,invernadero,18/02/13,10.55,20.40,11.7,29.1,20,0,0,0,4
T593T21,5,1,invernadero,21/02/13,11.02,14.60,11.2,18,18,1,1,5,5
T593T21,5,1,invernadero,24/02/13,11.09,21.20,7.2,35.2,20,0,0,0,6
T593T21,5,1,invernadero,25/02/13,11.11,20.80,6.4,35.2,20,0,0,0,7
T593T21,5,1,invernadero,01/03/13,11.21,22.35,9,35.7,16,1,3,5,8
T593T21,5,1,invernadero,01/03/13,11.21,22.35,9,35.7,20,0,0,0,9
T593T21,5,1,invernadero,01/03/13,11.21,22.35,9,35.7,20,0,0,0,10
T593T21,5,1,invernadero,01/03/13,11.21,22.35,9,35.7,14,1,1,5,11
T593T21AH1S,4,1,invernadero,16/02/13,10.51,22.70,9.3,36.10,20,12,41,60,1
T593T21AH1S,4,1,invernadero,17/02/13,10.53,19.55,12.6,26.5,20,19,54,95,2
T593T21AH1S,4,1,invernadero,19/02/13,10.57,16.10,12,20.2,20,19,54,95,3
T593T21AH1S,4,1,invernadero,20/02/13,11.00,23.00,11.2,34.8,18,18,41,90,4
T593T21AH1S,4,1,invernadero,25/02/13,11.11,20.80,6.4,35.2,18,20,33,100,5
T593T21AH1S,4,1,invernadero,27/02/13,11.16,22.80,6.2,39.4,18,15,36,75,6
T593T21AH1S,4,1,invernadero,27/02/13,11.16,22.80,6.2,39.4,16,14,16,70,7
T593T21AH1S,4,1,invernadero,01/03/13,11.21,22.35,9,35.7,16,19,26,95,8
T593T21AH1S,4,1,invernadero,04/03/13,11.28,17.40,10.4,24.4,18,11,25,55,9
T593T21AH1S,4,1,invernadero,06/03/13,11.33,22.30,12.8,31.8,16,15,23,75,10
T593T21AH1S,5,1,invernadero,08/02/13,10.33,19.60,6.2,33,22,16,56,80,1
T593T21AH1S,5,1,invernadero,12/02/13,10.41,20.30,8,32.6,22,16,56,80,2
T593T21AH1S,5,1,invernadero,12/02/13,10.41,20.30,8,32.6,22,15,54,75,3
T593T21AH1S,5,1,invernadero,14/02/13,10.46,23.15,9.3,37,20,16,55,80,4
T593T21AH1S,5,1,invernadero,18/02/13,10.55,20.40,11.7,29.1,22,15,48,75,5
T593T21AH1S,5,1,invernadero,18/02/13,10.55,20.40,11.7,29.1,22,15,56,75,6
T593T21AH1S,5,1,invernadero,19/02/13,10.57,16.10,12,20.2,20,16,45,80,7
T593T21AH1S,5,1,invernadero,22/02/13,11.04,18.65,11.5,25.8,22,16,48,80,8
T593T21AH1S,5,1,invernadero,22/02/13,11.04,18.65,11.5,25.8,22,19,59,95,9
T593T21AH1S,5,1,invernadero,22/02/13,11.04,18.65,11.5,25.8,22,17,49,85,10
T593T21AH1S,5,1,invernadero,27/02/13,11.16,22.80,6.2,39.4,20,17,41,85,11
T593T21AH1S,6,1,invernadero,13/02/13,10.43,18.70,8,29.4,20,18,48,80,1
T593T21AH1S,6,1,invernadero,14/02/13,10.46,23.15,9.3,37,20,18,58,80,2
T593T21AH1S,6,1,invernadero,15/02/13,10.48,23.90,9.3,38.5,18,20,56,100,3
T593T21AH1S,6,1,invernadero,19/02/13,10.57,16.10,12,20.2,20,19,52,95,4
T593T21AH1S,6,1,invernadero,24/02/13,11.09,21.20,7.2,35.2,18,19,41,95,5
T593T21AH1S,6,1,invernadero,25/02/13,11.11,20.80,6.4,35.2,16,17,40,85,6
T593T21AH1S,6,1,invernadero,26/02/13,11.13,22.60,10.4,34.8,18,18,37,80,7
T593T21AH1S,6,1,invernadero,27/02/13,11.16,22.80,6.2,39.4,18,19,43,95,8
T593T21AH1S,6,1,invernadero,01/03/13,11.21,22.35,9,35.7,18,19,41,95,9
T593T21AH1S,6,1,invernadero,01/03/13,11.21,22.35,9,35.7,18,17,35,85,10
T593T21AH1S,8,1,invernadero,14/02/13,10.46,23.15,9,35.7,20,18,52,90,1
T593T21AH1S,8,1,invernadero,14/02/13,10.46,23.15,9.3,37,22,16,59,80,2
T593T21AH1S,8,1,invernadero,15/02/13,10.48,23.90,9.3,38.5,22,17,53,85,3
T593T21AH1S,8,1,invernadero,15/02/13,10.48,23.90,9.3,38.5,20,19,57,95,4
T593T21AH1S,8,1,invernadero,21/02/13,11.02,14.60,11.2,18,20,16,52,80,5
T593T21AH1S,8,1,invernadero,26/02/13,11.13,22.60,10.4,34.8,20,18,50,90,6
T593T21AH1S,8,1,invernadero,27/02/13,11.16,22.80,6.2,39.4,22,16,51,80,7
T593T21AH1S,8,1,invernadero,27/02/13,11.16,22.80,6.2,39.4,20,20,49,100,8
T593T21AH1S,8,1,invernadero,04/03/13,11.28,17.40,10.4,24.4,18,19,43,95,9
T593T21AH1S,8,1,invernadero,04/03/13,11.28,17.40,10.4,24.4,18,18,34,90,10
T593T552,4,1,invernadero,15/02/13,10.48,23.90,9.3,38.5,20,17,66,85,1
T593T552,4,1,invernadero,17/02/13,10.53,19.55,12.6,26.5,20,19,59,95,2
T593T552,4,1,invernadero,24/02/13,11.09,21.20,7.2,35.2,20,18,50,90,3
T593T552,4,1,invernadero,28/02/13,11.18,16.50,8.3,24.7,16,20,42,100,4
T593T552,4,1,invernadero,01/03/13,11.21,22.35,9,35.7,18,20,40,100,5
T593T552,4,1,invernadero,01/03/13,11.21,22.35,9,35.7,18,20,41,100,6
T593T552,4,1,invernadero,03/03/13,11.25,23.90,11.2,36.6,16,19,38,95,7
T593T552,4,1,invernadero,04/03/13,11.28,17.40,10.4,24.4,16,18,29,90,8
T593T552,4,1,invernadero,04/03/13,11.28,17.40,10.4,24.4,18,20,41,100,9
T593T552,4,1,invernadero,06/03/13,11.33,22.30,12.8,31.8,14,7,8,35,10
T593T552,5,1,invernadero,22/02/13,11.04,18.65,11.5,25.8,20,19,53,95,1
T593T552,5,1,invernadero,22/02/13,11.04,18.65,11.5,25.8,18,17,61,85,2
T593T552,5,1,invernadero,02/03/13,11.23,23.00,8.5,37.5,22,16,43,80,3
T593T552,5,1,invernadero,02/03/13,11.23,23.00,8.5,37.5,16,19,36,95,4
T593T552,5,1,invernadero,06/03/13,11.33,22.30,12.8,31.8,18,20,42,100,5
T593T552,5,1,invernadero,08/03/13,11.38,24.40,14,34.8,16,13,31,65,6
T593T552,5,1,invernadero,11/03/13,11.45,24.35,11.7,37,16,18,41,90,7
T593T552,5,1,invernadero,13/03/13,11.50,22.65,10.1,35.2,14,13,30,65,8
T593T552,5,1,invernadero,13/03/13,11.50,22.65,10.1,35.2,14,18,25,90,9
T593T552,6,1,invernadero,14/02/13,10.46,23.15,9.3,37,20,17,53,85,1
T593T552,6,1,invernadero,17/02/13,10.53,19.55,12.6,26.5,20,18,57,90,2
T593T552,6,1,invernadero,19/02/13,10.57,16.10,12,20.2,20,18,45,90,3
T593T552,6,1,invernadero,23/02/13,11.06,21.70,11.2,32.2,20,20,46,100,4
T593T552,6,1,invernadero,27/02/13,11.16,22.80,6.2,39.4,18,19,38,95,5
T593T552,6,1,invernadero,01/03/13,11.21,22.35,9,35.7,18,18,40,90,6
T593T552,6,1,invernadero,01/03/13,11.21,22.35,9,35.7,20,18,36,90,7
T593T552,6,1,invernadero,04/03/13,11.28,17.40,10.4,24.4,18,20,41,100,8
T593T552,6,1,invernadero,04/03/13,11.28,17.40,10.4,24.4,16,18,26,90,9
T593T552,6,1,invernadero,06/03/13,11.33,22.30,12.8,31.8,16,17,21,85,10
T593T552,7,1,invernadero,14/02/13,10.46,23.15,9.3,37,20,19,59,95,1
T593T552,7,1,invernadero,17/02/13,10.53,19.55,12.6,26.5,18,19,52,95,2
T593T552,7,1,invernadero,21/02/13,11.02,14.60,11.2,18,16,18,46,90,3
T593T552,7,1,invernadero,23/02/13,11.06,21.70,11.2,32.2,18,17,45,85,4
T593T552,7,1,invernadero,26/02/13,11.13,22.60,10.4,34.8,18,19,44,95,5
T593T552,7,1,invernadero,01/03/13,11.21,22.35,9,35.7,18,20,48,100,6
T593T552,7,1,invernadero,01/03/13,11.21,22.35,9,35.7,14,8,10,40,7
T593T552,7,1,invernadero,02/03/13,11.23,23.00,8.5,37.5,16,20,40,100,8
T593T552,7,1,invernadero,04/03/13,11.28,17.40,10.4,24.4,16,20,38,100,9
T593T552,7,1,invernadero,04/03/13,11.28,17.40,10.4,24.4,16,19,42,95,10
T593T552,8,1,invernadero,15/02/13,10.48,23.90,9.3,38.5,26,15,63,75,1
T593T552,8,1,invernadero,17/02/13,10.53,19.55,12.6,26.5,22,16,61,80,2
T593T552,8,1,invernadero,18/02/13,10.55,20.40,11.7,29.1,24,15,60,75,3
T593T552,8,1,invernadero,19/02/13,10.57,16.10,12,20.2,22,16,67,80,4
T593T552,8,1,invernadero,24/02/13,11.09,21.20,7.2,35.2,22,19,58,95,5
T593T552,8,1,invernadero,01/03/13,11.21,22.35,9,35.7,20,19,52,95,6
T593T552,8,1,invernadero,06/03/13,11.33,22.30,12.8,31.8,18,12,19,60,7
T593T552,8,1,invernadero,06/03/13,11.33,22.30,12.8,31.8,16,13,22,65,8
T593T552,8,1,invernadero,06/03/13,11.33,22.30,12.8,31.8,16,5,10,25,9
T650T552,14,1,invernadero,07/02/13,10.31,20.95,8,33.9,24,19,80,95,1
T650T552,14,1,invernadero,14/02/13,10.46,23.15,9.3,37,22,19,68,95,2
T650T552,14,1,invernadero,24/02/13,11.09,21.20,7.2,35.2,20,20,55,100,3
T650T552,14,1,invernadero,24/02/13,11.09,21.20,7.2,35.2,22,17,63,85,4
T650T552,14,1,invernadero,26/02/13,11.13,22.60,10.4,34.8,22,20,73,100,5
T650T552,14,1,invernadero,27/02/13,11.16,22.80,6.2,39.4,22,18,67,90,6
T650T552,14,1,invernadero,01/03/13,11.21,22.35,9,35.7,22,18,55,90,7
T650T552,14,1,invernadero,01/03/13,11.21,22.35,9,35.7,18,19,56,95,8
T650T552,14,1,invernadero,04/03/13,11.28,17.40,10.4,24.4,18,18,53,90,9
T650T552,14,1,invernadero,08/03/13,11.38,24.40,14,34.8,16,15,36,75,10
T650T552,15,1,invernadero,14/02/13,10.46,23.15,9.3,37,14,8,24,40,1
T650T552,15,1,invernadero,16/02/13,10.51,22.70,9.3,36.10,16,12,21,60,2
T650T552,15,1,invernadero,25/02/13,11.11,20.80,6.4,35.2,18,17,47,85,3
T650T552,15,1,invernadero,06/03/13,11.33,22.30,12.8,31.8,20,17,41,85,4
T650T552,15,1,invernadero,08/03/13,11.38,24.40,14,34.8,16,16,28,80,5
T650T552,15,1,invernadero,08/03/13,11.38,24.40,14,34.8,16,18,33,90,6
T650T552,15,1,invernadero,08/03/13,11.38,24.40,14,34.8,16,13,23,65,7
T650T552,15,1,invernadero,08/03/13,11.38,24.40,14,34.8,14,15,29,75,8
T650T552,15,1,invernadero,12/03/13,11.47,15.30,11.7,18.9,14,17,34,85,9
T650T552,15,1,invernadero,12/03/13,11.47,15.30,11.7,18.9,14,15,19,75,10
T650T552,16,1,invernadero,17/02/13,10.53,19.55,12.6,26.5,18,19,56,95,1
T650T552,16,1,invernadero,23/02/13,11.06,21.70,11.2,32.2,18,19,56,95,2
T650T552,16,1,invernadero,25/02/13,11.11,20.80,6.4,35.2,16,17,51,85,3
T650T552,16,1,invernadero,04/03/13,11.28,17.40,10.4,24.4,18,19,52,95,4
T650T552,16,1,invernadero,11/03/13,11.45,24.35,11.7,37,16,19,42,95,5
T650T552,16,1,invernadero,11/03/13,11.45,24.35,11.7,37,16,19,39,95,6
T650T552,16,1,invernadero,11/03/13,11.45,24.35,11.7,37,16,18,40,90,7
T650T552,16,1,invernadero,13/03/13,11.50,22.65,10.1,35.2,14,20,33,100,8
T650T552,17,1,invernadero,20/02/13,11.00,23.00,11.2,34.8,16,10,21,50,1
T650T552,17,1,invernadero,22/02/13,11.04,18.65,11.5,25.8,20,18,65,90,2
T650T552,17,1,invernadero,23/02/13,11.06,21.70,11.2,32.2,16,0,0,0,3
T650T552,17,1,invernadero,04/03/13,11.28,17.40,10.4,24.4,20,20,59,100,4
T650T552,17,1,invernadero,04/03/13,11.28,17.40,10.4,24.4,20,20,65,100,5
T650T552,17,1,invernadero,08/03/13,11.38,24.40,14,34.8,14,19,27,95,6
T650T552,17,1,invernadero,08/03/13,11.38,24.40,14,34.8,16,15,26,75,7
T650T552,17,1,invernadero,11/03/13,11.45,24.35,11.7,37,16,20,35,100,8
T650T552,17,1,invernadero,13/03/13,11.50,22.65,10.1,35.2,14,19,32,95,9
T650T552,17,1,invernadero,13/03/13,11.50,22.65,10.1,35.2,14,19,22,95,10
T650T552,18,1,invernadero,18/02/13,10.55,20.40,11.7,29.1,20,19,71,95,1
T650T552,18,1,invernadero,24/02/13,11.09,21.20,7.2,35.2,20,19,66,95,2
T650T552,18,1,invernadero,02/03/13,11.23,23.00,8.5,37.5,20,20,62,100,3
T650T552,18,1,invernadero,03/03/13,11.25,23.90,11.2,36.6,20,20,76,100,4
T650T552,18,1,invernadero,04/03/13,11.28,17.40,10.4,24.4,18,16,54,80,5
T650T552,18,1,invernadero,06/03/13,11.33,22.30,12.8,31.8,18,17,43,85,6
T650T552,18,1,invernadero,08/03/13,11.38,24.40,14,34.8,16,20,46,100,7
T650T552,18,1,invernadero,10/03/13,11.42,24.15,11.7,36.6,16,19,42,95,8
T218T21AH1S,1,1,jaulon,05/03/13,11.3,12.8,11.4,16,18,0,0,0,1
T218T21AH1S,1,1,jaulon,06/03/13,11.33,14.7,12.5,18.5,18,0,0,0,2
T218T21AH1S,1,1,jaulon,20/03/13,12.08,12.7,8.4,17.7,20,0,0,0,3
T218T21AH1S,1,1,jaulon,26/03/13,12.22,15.1,13.6,18.6,18,0,0,0,4
T218T21AH1S,1,1,jaulon,27/03/13,12.24,15.3,13.4,19.2,22,0,0,0,5
T218T21AH1S,1,1,jaulon,31/03/13,12.34,15.3,13,17.7,18,0,0,0,6
T218T21AH1S,1,1,jaulon,01/04/13,12.37,14.4,10.4,19.3,18,0,0,0,7
T218T21AH1S,1,1,jaulon,06/04/13,12.48,11.4,4.8,17,18,0,0,0,8
T218T21AH1S,1,1,jaulon,09/04/13,12.56,15,10.9,19.4,18,0,0,0,9
T218T21AH1S,1,1,jaulon,09/04/13,12.56,15,10.9,19.4,20,0,0,0,10
T218T21AH1S,1,1,jaulon,10/04/13,12.58,16.1,12.5,20.6,18,0,0,0,11
T218T21AH1S,1,1,jaulon,10/04/13,12.58,16.1,12.5,20.6,18,1,1,5,12
T218T21AH1S,1,1,jaulon,10/04/13,12.58,16.1,12.5,20.6,18,0,0,0,13
T218T21AH1S,1,1,jaulon,12/04/13,13.03,17.5,13.2,22.9,18,0,0,0,14
T218T21AH1S,1,1,jaulon,12/04/13,13.03,17.5,13.2,22.9,16,0,0,0,15
T218T21AH1S,1,1,jaulon,12/04/13,13.03,17.5,13.2,22.9,14,1,1,5,16
T218T21AH1S,1,1,jaulon,12/04/13,13.03,17.5,13.2,22.9,18,0,0,0,17
T218T21AH1S,1,1,jaulon,15/04/13,13.10,20.2,13.4,28,16,0,0,0,18
T218T21AH1S,1,1,jaulon,15/04/13,13.10,20.2,13.4,28,18,0,2,0,19
T218T21AH1S,1,1,jaulon,15/04/13,13.10,20.2,13.4,28,18,0,0,0,20
T218T21AH1S,1,1,jaulon,15/04/13,13.10,20.2,13.4,28,14,0,0,0,21
T218T21AH1S,4,1,jaulon,01/04/13,12.37,14.4,10.4,19.3,18,0,0,0,1
T218T21AH1S,4,1,jaulon,16/04/13,13.12,21.3,13.2,30.8,14,0,0,0,2
T218T21AH1S,4,1,jaulon,17/04/13,13.14,22.4,13.5,33.3,14,0,0,0,3
T218T21AH1S,4,1,jaulon,17/04/13,13.14,22.4,13.5,33.3,12,0,0,0,4
T218T21AH1S,4,1,jaulon,17/04/13,13.14,22.4,13.5,33.3,14,0,0,0,5
T218T21AH1S,4,1,jaulon,17/04/13,13.14,22.4,13.5,33.3,12,0,0,0,6
T218T21AH1S,4,1,jaulon,22/04/13,13.26,18.9,12.1,26.6,14,0,0,0,7
T218T21AH1S,4,1,jaulon,22/04/13,13.26,18.9,12.1,26.6,12,0,0,0,8
T218T21AH1S,4,1,jaulon,22/04/13,13.26,18.9,12.1,26.6,12,0,0,0,9
T218T21AH1S,4,1,jaulon,22/04/13,13.26,18.9,12.1,26.6,12,0,1,0,10
T218T21AH1S,4,1,jaulon,22/04/13,13.26,18.9,12.1,26.6,12,0,0,0,11
T218T21AH1S,4,1,jaulon,22/04/13,13.26,18.9,12.1,26.6,12,0,0,0,12
T218T21AH1S,4,1,jaulon,22/04/13,13.26,18.9,12.1,26.6,12,0,0,0,13
T218T21AH1S,4,1,jaulon,22/04/13,13.26,18.9,12.1,26.6,12,0,0,0,14
T218T21AH1S,4,1,jaulon,22/04/13,13.26,18.9,12.1,26.6,12,0,0,0,15
T218T21AH1S,5,1,jaulon,08/04/13,12.53,14.1,6.9,21.1,16,0,0,0,1
T218T21AH1S,5,1,jaulon,17/04/13,13.14,22.4,13.5,33.3,16,0,0,0,2
T218T21AH1S,5,1,jaulon,22/04/13,13.26,18.9,12.1,26.6,14,0,0,0,3
T218T21AH1S,5,1,jaulon,22/04/13,13.26,18.9,12.1,26.6,16,0,0,0,4
T218T21AH1S,5,1,jaulon,24/04/13,13.31,16.8,9.9,24.8,16,0,0,0,5
T218T21AH1S,5,1,jaulon,24/04/13,13.31,16.8,9.9,24.8,16,0,0,0,6
T218T21AH1S,5,1,jaulon,24/04/13,13.31,16.8,9.9,24.8,14,0,0,0,7
T218T21AH1S,5,1,jaulon,28/04/13,13.40,10.9,9.4,15.4,12,0,0,0,8
T218T21AH1S,5,1,jaulon,30/04/13,13.43,10.9,8.3,15.7,12,0,0,0,9
T218T21AH1S,5,1,jaulon,30/04/13,13.43,10.9,8.3,15.7,14,0,0,0,10
T218T21AH1S,6,1,jaulon,01/04/13,12.37,14.4,10.4,19.3,22,0,0,0,1
T218T21AH1S,6,1,jaulon,12/04/13,13.03,17.5,13.2,22.9,18,0,0,0,2
T218T21AH1S,6,1,jaulon,12/04/13,13.03,17.5,13.2,22.9,16,0,0,0,3
T218T21AH1S,6,1,jaulon,17/04/13,13.14,22.4,13.5,33.3,18,0,0,0,4
T218T21AH1S,6,1,jaulon,17/04/13,13.14,22.4,13.5,33.3,16,0,0,0,5
T218T21AH1S,6,1,jaulon,19/04/13,13.19,21.5,13.1,30,18,0,0,0,6
T218T21AH1S,6,1,jaulon,19/04/13,13.19,21.5,13.1,30,14,0,0,0,7
T218T21AH1S,6,1,jaulon,19/04/13,13.19,21.5,13.1,30,16,0,0,0,8
T218T21AH1S,6,1,jaulon,20/04/13,13.21,18.9,11.8,25.5,16,0,0,0,9
T218T21AH1S,6,1,jaulon,22/04/13,13.26,18.9,12.1,26.6,16,0,0,0,10
T218T21AH1S,6,1,jaulon,22/04/13,13.26,18.9,12.1,26.6,18,0,0,0,11
T218T21AH1S,6,1,jaulon,22/04/13,13.26,18.9,12.1,26.6,16,0,0,0,12
T218T21AH1S,6,1,jaulon,24/04/13,13.31,16.8,9.9,24.8,16,0,0,0,13
T218T21AH1S,6,1,jaulon,24/04/13,13.31,16.8,9.9,24.8,14,0,0,0,14
T218T21AH1S,6,1,jaulon,24/04/13,13.31,16.8,9.9,24.8,16,0,0,0,15
T218T21AH1S,6,1,jaulon,24/04/13,13.31,16.8,9.9,24.8,16,0,0,0,16
T218T21AH1S,6,1,jaulon,24/04/13,13.31,16.8,9.9,24.8,16,0,0,0,17
T218T21AH1S,6,1,jaulon,26/04/13,13.35,20.2,15.9,26.7,16,0,0,0,18
T218T21AH1S,6,1,jaulon,26/04/13,13.35,20.2,15.9,26.7,16,0,0,0,19
T218T21AH1S,6,1,jaulon,26/04/13,13.35,20.2,15.9,26.7,16,0,0,0,20
T218T21AH1S,8,1,jaulon,27/03/13,12.24,15.3,13.4,19.2,24,0,0,0,1
T218T21AH1S,8,1,jaulon,06/04/13,12.48,11.4,4.8,17,18,0,0,0,2
T218T21AH1S,8,1,jaulon,08/04/13,12.53,14.1,6.9,21.1,18,1,1,5,3
T218T21AH1S,8,1,jaulon,08/04/13,12.53,14.1,6.9,21.1,18,0,0,0,4
T218T21AH1S,8,1,jaulon,09/04/13,12.56,15,10.9,19.4,18,0,0,0,5
T218T21AH1S,8,1,jaulon,12/04/13,13.03,17.5,13.2,22.9,20,0,0,0,6
T218T21AH1S,8,1,jaulon,14/04/13,13.08,20.2,11.6,29.4,18,0,1,0,7
T218T21AH1S,8,1,jaulon,15/04/13,13.10,20.2,13.4,28,20,0,0,0,8
T218T21AH1S,8,1,jaulon,15/04/13,13.10,20.2,13.4,28,20,0,1,0,9
T218T21AH1S,8,1,jaulon,15/04/13,13.10,20.2,13.4,28,18,0,0,0,10
T218T21AH1S,8,1,jaulon,15/04/13,13.10,20.2,13.4,28,18,0,2,0,11
T218T21AH1S,8,1,jaulon,15/04/13,13.10,20.2,13.4,28,18,0,0,0,12
T218T21AH1S,8,1,jaulon,15/04/13,13.10,20.2,13.4,28,16,0,0,0,13
T218T21AH1S,8,1,jaulon,15/04/13,13.10,20.2,13.4,28,18,0,0,0,14
T218T21AH1S,8,1,jaulon,17/04/13,13.14,22.4,13.5,33.3,16,3,7,15,15
T218T21AH1S,8,1,jaulon,17/04/13,13.14,22.4,13.5,33.3,18,5,7,25,16
T218T21AH1S,8,1,jaulon,17/04/13,13.14,22.4,13.5,33.3,16,1,2,5,17
T218T21AH1S,8,1,jaulon,17/04/13,13.14,22.4,13.5,33.3,16,2,2,10,18
T218T21AH1S,8,1,jaulon,17/04/13,13.14,22.4,13.5,33.3,16,9,10,45,19
T218T21AH1S,8,1,jaulon,17/04/13,13.14,22.4,13.5,33.3,18,7,13,35,20
T218T21AH1S,3,2,jaulon,02/03/13,11.23,10,4.2,16.2,16,0,0,0,1
T218T21AH1S,3,2,jaulon,18/03/13,12.03,11.8,4.5,18.7,18,0,0,0,2
T218T21AH1S,3,2,jaulon,31/03/13,12.34,15.3,13,17.7,16,0,0,0,3
T218T21AH1S,3,2,jaulon,02/04/13,12.39,13.7,8.2,20,18,0,0,0,4
T218T21AH1S,3,2,jaulon,03/04/13,12.42,11.8,8.7,16.1,14,0,0,0,5
T218T21AH1S,3,2,jaulon,07/04/13,12.51,12.1,4.9,19.6,20,0,0,0,6
T218T21AH1S,3,2,jaulon,08/04/13,12.53,14.1,6.9,21.1,18,0,0,0,7
T218T21AH1S,3,2,jaulon,08/04/13,12.53,14.1,6.9,21.1,20,1,1,5,8
T218T21AH1S,3,2,jaulon,10/04/13,12.58,16.1,12.5,20.6,18,0,0,0,9
T218T21AH1S,3,2,jaulon,10/04/13,12.58,16.1,12.5,20.6,20,0,0,0,10
T218T21AH1S,3,2,jaulon,10/04/13,12.58,16.1,12.5,20.6,18,1,1,5,11
T218T21AH1S,3,2,jaulon,12/04/13,13.03,17.5,13.2,22.9,20,0,0,0,12
T218T21AH1S,3,2,jaulon,12/04/13,13.03,17.5,13.2,22.9,20,0,0,0,13
T218T21AH1S,3,2,jaulon,14/04/13,13.08,20.2,11.6,29.4,22,0,0,0,14
T218T21AH1S,3,2,jaulon,15/04/13,13.10,20.2,13.4,28,18,0,0,0,15
T218T21AH1S,3,2,jaulon,15/04/13,13.10,20.2,13.4,28,18,0,0,0,16
T218T21AH1S,3,2,jaulon,15/04/13,13.10,20.2,13.4,28,18,0,0,0,17
T218T21AH1S,3,2,jaulon,17/04/13,13.14,22.4,13.5,33.3,16,0,0,0,18
T218T21AH1S,3,2,jaulon,17/04/13,13.14,22.4,13.5,33.3,18,0,1,0,19
T218T21AH1S,3,2,jaulon,17/04/13,13.14,22.4,13.5,33.3,18,0,0,0,20
T218T21AH1S,3,2,jaulon,17/04/13,13.14,22.4,13.5,33.3,18,0,0,0,21
T218T21AH1S,3,3,jaulon,10/03/13,11.42,12.4,9.6,17.3,18,0,0,0,1
T218T21AH1S,3,3,jaulon,20/03/13,12.08,12.7,8.4,17.7,20,0,0,0,2
T218T21AH1S,3,3,jaulon,27/03/13,12.24,15.3,13.4,19.2,18,0,0,0,3
T218T21AH1S,3,3,jaulon,07/04/13,12.51,12.1,4.9,19.6,12,0,0,0,4
T218T21AH1S,3,3,jaulon,10/04/13,12.58,16.1,12.5,20.6,18,0,0,0,5
T218T21AH1S,3,3,jaulon,10/04/13,12.58,16.1,12.5,20.6,18,0,1,0,6
T218T21AH1S,3,3,jaulon,12/04/13,13.03,17.5,13.2,22.9,14,0,0,0,7
T218T21AH1S,3,3,jaulon,15/04/13,13.10,20.2,13.4,28,16,0,1,0,8
T218T21AH1S,3,3,jaulon,19/04/13,13.19,21.5,13.1,30,14,0,0,0,9
T218T21AH1S,3,3,jaulon,21/04/13,13.24,19,11.4,26.8,16,5,6,25,10
T218T21AH1S,3,3,jaulon,22/04/13,13.26,18.9,12.1,26.6,14,0,0,0,11
T218T21AH1S,3,3,jaulon,22/04/13,13.26,18.9,12.1,26.6,14,0,0,0,12
T218T21AH1S,3,3,jaulon,22/04/13,13.26,18.9,12.1,26.6,16,0,0,0,13
T218T21AH1S,7,1,jaulon,27/03/13,12.24,15.3,13.4,19.2,24,0,0,0,1
T218T21AH1S,7,1,jaulon,08/04/13,12.53,14.1,6.9,21.1,20,0,0,0,2
T218T21AH1S,7,1,jaulon,10/04/13,12.58,16.1,12.5,20.6,18,0,0,0,3
T218T21AH1S,7,1,jaulon,15/04/13,13.10,20.2,13.4,28,18,0,0,0,4
T218T21AH1S,7,1,jaulon,17/04/13,13.14,22.4,13.5,33.3,16,0,0,0,5
T218T21AH1S,7,1,jaulon,19/04/13,13.19,21.5,13.1,30,16,0,0,0,6
T218T21AH1S,7,1,jaulon,20/04/13,13.21,18.9,11.8,25.5,18,0,0,0,7
T218T21AH1S,7,1,jaulon,22/04/13,13.26,18.9,12.1,26.6,18,0,0,0,8
T218T21AH1S,7,1,jaulon,22/04/13,13.26,18.9,12.1,26.6,16,0,0,0,9
T218T21AH1S,7,1,jaulon,24/04/13,13.31,16.8,9.9,24.8,16,0,0,0,10
T218T21AH1S,7,1,jaulon,26/04/13,13.35,20.2,15.9,26.7,16,0,0,0,11
T218T21AH1S,7,1,jaulon,26/04/13,13.35,20.2,15.9,26.7,16,0,0,0,12
T218T21AH1S,7,1,jaulon,30/04/13,13.43,10.9,8.3,15.7,14,0,0,0,13
T218T21AH1S,7,1,jaulon,30/04/13,13.43,10.9,8.3,15.7,14,0,0,0,14
T218T21AH1S,7,1,jaulon,30/04/13,13.43,10.9,8.3,15.7,18,0,0,0,15
T218T552,11,1,jaulon,08/04/13,12.53,14.1,6.9,21.1,18,0,0,0,1
T218T552,11,1,jaulon,19/04/13,13.19,21.5,13.1,30,18,0,0,0,2
T218T552,11,1,jaulon,22/04/13,13.26,18.9,12.1,26.6,18,0,0,0,3
T218T552,11,1,jaulon,22/04/13,13.26,18.9,12.1,26.6,18,0,0,0,4
T218T552,11,1,jaulon,24/04/13,13.31,16.8,9.9,24.8,18,0,0,0,5
T218T552,11,1,jaulon,24/04/13,13.31,16.8,9.9,24.8,18,0,0,0,6
T218T552,11,1,jaulon,25/04/13,13.33,17.2,8.5,23.9,18,0,0,0,7
T218T552,11,1,jaulon,26/04/13,13.35,20.2,15.9,26.7,18,0,0,0,8
T218T552,11,1,jaulon,28/04/13,13.40,10.9,9.4,15.4,16,0,0,0,9
T218T552,11,1,jaulon,28/04/13,13.40,10.9,9.4,15.4,16,0,0,0,10
T218T552,11,1,jaulon,28/04/13,13.40,10.9,9.4,15.4,18,0,0,0,11
T218T552,11,1,jaulon,30/04/13,13.43,10.9,8.3,15.7,16,0,0,0,12
T218T552,11,1,jaulon,30/04/13,13.43,10.9,8.3,15.7,16,0,0,0,13
T218T552,11,1,jaulon,30/04/13,13.43,10.9,8.3,15.7,16,0,0,0,14
T218T552,11,1,jaulon,30/04/13,13.43,10.9,8.3,15.7,16,0,0,0,15
T218T552,12,1,jaulon,07/03/13,11.35,16.3,14.1,19.8,18,0,0,0,1
T218T552,12,1,jaulon,14/04/13,13.08,20.2,11.6,29.4,20,0,0,0,2
T218T552,12,1,jaulon,22/04/13,13.26,18.9,12.1,26.6,16,0,0,0,3
T218T552,12,1,jaulon,02/05/13,13.47,16.5,7.2,25,16,0,0,0,4
T218T552,13,1,jaulon,31/03/13,12.34,15.3,13,17.7,20,0,0,0,1
T218T552,13,1,jaulon,10/04/13,12.58,16.1,12.5,20.6,18,0,0,0,2
T218T552,13,1,jaulon,19/04/13,13.19,21.5,13.1,30,14,0,0,0,3
T218T552,13,1,jaulon,24/04/13,13.31,16.8,9.9,24.8,14,0,0,0,4
T218T552,13,1,jaulon,02/05/13,13.47,16.5,7.2,25,12,0,0,0,5
T218T552,14,1,jaulon,08/04/13,12.53,14.1,6.9,21.1,18,0,0,0,1
T218T552,14,1,jaulon,17/04/13,13.14,22.4,13.5,33.3,12,0,0,0,2
T218T552,14,1,jaulon,19/04/13,13.19,21.5,13.1,30,18,0,0,0,3
T218T552,14,1,jaulon,19/04/13,13.19,21.5,13.1,30,16,0,0,0,4
T218T552,14,1,jaulon,21/04/13,13.24,19,11.4,26.8,16,0,0,0,5
T218T552,14,1,jaulon,21/04/13,13.24,19,11.4,26.8,16,0,0,0,6
T218T552,14,1,jaulon,22/04/13,13.26,18.9,12.1,26.6,14,0,0,0,7
T218T552,14,1,jaulon,24/04/13,13.31,16.8,9.9,24.8,14,0,0,0,8
T218T552,14,1,jaulon,30/04/13,13.43,10.9,8.3,15.7,14,0,0,0,9
T218T650,11,1,jaulon,27/03/13,12.24,15.3,13.4,19.2,16,0,0,0,1
T218T650,11,1,jaulon,07/04/13,12.51,12.1,4.9,19.6,20,3,4,15,2
T218T650,11,1,jaulon,10/04/13,12.58,16.1,12.5,20.6,22,16,25,80,3
T218T650,11,1,jaulon,12/04/13,13.03,17.5,13.2,22.9,20,0,0,0,4
T218T650,11,1,jaulon,13/04/13,13.06,17.6,7.8,27.6,18,15,40,75,5
T218T650,11,1,jaulon,16/04/13,13.12,21.3,13.2,30.8,16,16,25,80,6
T218T650,11,1,jaulon,16/04/13,13.12,21.3,13.2,30.8,20,19,54,95,7
T218T650,11,1,jaulon,17/04/13,13.14,22.4,13.5,33.3,20,17,48,85,8
T218T650,11,1,jaulon,17/04/13,13.14,22.4,13.5,33.3,16,20,48,100,9
T218T650,11,1,jaulon,17/04/13,13.14,22.4,13.5,33.3,18,16,41,80,10
T218T650,11,1,jaulon,17/04/13,13.14,22.4,13.5,33.3,20,19,40,95,11
T218T650,11,1,jaulon,17/04/13,13.14,22.4,13.5,33.3,18,18,50,90,12
T218T650,11,1,jaulon,19/04/13,13.19,21.5,13.1,30,18,17,44,85,13
T218T650,11,1,jaulon,19/04/13,13.19,21.5,13.1,30,20,17,63,85,14
T218T650,11,1,jaulon,19/04/13,13.19,21.5,13.1,30,18,17,43,85,15
T218T650,11,1,jaulon,19/04/13,13.19,21.5,13.1,30,12,3,4,15,16
T218T650,11,1,jaulon,19/04/13,13.19,21.5,13.1,30,14,20,25,100,17
T218T650,11,1,jaulon,19/04/13,13.19,21.5,13.1,30,18,17,43,85,18
T218T650,11,1,jaulon,19/04/13,13.19,21.5,13.1,30,18,0,0,0,19
T218T650,12,1,jaulon,01/04/13,12.37,14.4,10.4,19.3,16,0,0,0,1
T218T650,12,1,jaulon,15/04/13,13.10,20.2,13.4,28,20,14,43,70,2
T218T650,12,1,jaulon,17/04/13,13.14,22.4,13.5,33.3,18,16,28,80,3
T218T650,12,1,jaulon,17/04/13,13.14,22.4,13.5,33.3,18,0,0,0,4
T218T650,12,1,jaulon,18/04/13,13.17,22.3,14.2,31.6,20,11,17,55,5
T218T650,12,1,jaulon,19/04/13,13.19,21.5,13.1,30,20,14,15,70,6
T218T650,12,1,jaulon,19/04/13,13.19,21.5,13.1,30,18,19,57,95,7
T218T650,12,1,jaulon,21/04/13,13.24,19,11.4,26.8,20,2,4,10,8
T218T650,12,1,jaulon,22/04/13,13.26,18.9,12.1,26.6,18,7,8,35,9
T218T650,12,1,jaulon,22/04/13,13.26,18.9,12.1,26.6,18,9,18,45,10
T218T650,12,1,jaulon,22/04/13,13.26,18.9,12.1,26.6,16,8,10,40,11
T218T650,12,1,jaulon,22/04/13,13.26,18.9,12.1,26.6,18,0,0,0,12
T218T650,12,1,jaulon,22/04/13,13.26,18.9,12.1,26.6,18,5,6,25,13
T218T650,12,1,jaulon,22/04/13,13.26,18.9,12.1,26.6,20,0,0,0,14
T218T650,12,1,jaulon,22/04/13,13.26,18.9,12.1,26.6,16,0,0,0,15
T218T650,12,1,jaulon,24/04/13,13.31,16.8,9.9,24.8,18,0,0,0,16
T218T650,12,1,jaulon,24/04/13,13.31,16.8,9.9,24.8,18,0,0,0,17
T218T650,12,1,jaulon,24/04/13,13.31,16.8,9.9,24.8,20,0,0,0,18
T218T650,12,1,jaulon,24/04/13,13.31,16.8,9.9,24.8,18,0,0,0,19
T218T650,12,1,jaulon,24/04/13,13.31,16.8,9.9,24.8,18,0,0,0,20
T218T650,12,1,jaulon,24/04/13,13.31,16.8,9.9,24.8,18,0,0,0,21
T218T650,13,1,jaulon,25/03/13,12.19,12.1,7.4,15.9,16,0,0,0,1
T218T650,13,1,jaulon,07/04/13,12.51,12.1,4.9,19.6,12,1,1,5,2
T218T650,13,1,jaulon,10/04/13,12.58,16.1,12.5,20.6,20,0,0,0,3
T218T650,13,1,jaulon,10/04/13,12.58,16.1,12.5,20.6,18,0,0,0,4
T218T650,13,1,jaulon,12/04/13,13.03,17.5,13.2,22.9,18,11,47,55,5
T218T650,13,1,jaulon,14/04/13,13.08,20.2,11.6,29.4,16,6,22,30,6
T218T650,13,1,jaulon,14/04/13,13.08,20.2,11.6,29.4,20,5,25,25,7
T218T650,13,1,jaulon,16/04/13,13.12,21.3,13.2,30.8,20,19,41,95,8
T218T650,13,1,jaulon,17/04/13,13.14,22.4,13.5,33.3,18,17,33,85,9
T218T650,13,1,jaulon,17/04/13,13.14,22.4,13.5,33.3,20,19,63,95,10
T218T650,13,1,jaulon,19/04/13,13.19,21.5,13.1,30,18,12,21,60,11
T218T650,13,1,jaulon,19/04/13,13.19,21.5,13.1,30,16,7,9,35,12
T218T650,13,1,jaulon,19/04/13,13.19,21.5,13.1,30,20,13,19,65,13
T218T650,13,1,jaulon,19/04/13,13.19,21.5,13.1,30,18,15,20,75,14
T218T650,13,1,jaulon,19/04/13,13.19,21.5,13.1,30,18,12,12,60,15
T218T650,13,1,jaulon,19/04/13,13.19,21.5,13.1,30,18,18,24,90,16
T218T650,13,1,jaulon,19/04/13,13.19,21.5,13.1,30,18,17,33,85,17
T218T650,13,1,jaulon,19/04/13,13.19,21.5,13.1,30,18,14,25,70,18
T218T650,14,1,jaulon,12/04/13,13.03,17.5,13.2,22.9,20,11,28,55,1
T218T650,14,1,jaulon,13/04/13,13.06,17.6,7.8,27.6,20,6,24,30,2
T218T650,14,1,jaulon,16/04/13,13.12,21.3,13.2,30.8,20,20,55,100,3
T218T650,14,1,jaulon,17/04/13,13.14,22.4,13.5,33.3,20,0,0,0,4
T218T650,14,1,jaulon,17/04/13,13.14,22.4,13.5,33.3,18,19,42,95,5
T218T650,14,1,jaulon,17/04/13,13.14,22.4,13.5,33.3,22,20,64,100,6
T218T650,14,1,jaulon,18/04/13,13.17,22.3,14.2,31.6,20,20,58,100,7
T218T650,14,1,jaulon,18/04/13,13.17,22.3,14.2,31.6,14,15,20,75,8
T218T650,14,1,jaulon,19/04/13,13.19,21.5,13.1,30,20,14,50,70,9
T218T650,14,1,jaulon,19/04/13,13.19,21.5,13.1,30,20,20,69,100,10
T218T650,14,1,jaulon,19/04/13,13.19,21.5,13.1,30,20,18,49,90,11
T218T650,14,1,jaulon,20/04/13,13.21,18.9,11.8,25.5,18,18,16,90,12
T218T650,14,1,jaulon,21/04/13,13.24,19,11.4,26.8,20,19,35,95,13
T218T650,14,1,jaulon,21/04/13,13.24,19,11.4,26.8,18,14,31,70,14
T218T650,14,1,jaulon,21/04/13,13.24,19,11.4,26.8,20,14,35,70,15
T218T650,14,1,jaulon,21/04/13,13.24,19,11.4,26.8,20,17,47,85,16
T218T650,14,1,jaulon,21/04/13,13.24,19,11.4,26.8,20,20,70,100,17
T218T650,14,1,jaulon,22/04/13,13.26,18.9,12.1,26.6,18,17,29,85,18
T218T650,14,1,jaulon,22/04/13,13.26,18.9,12.1,26.6,18,4,5,20,19
T218T650,14,1,jaulon,22/04/13,13.26,18.9,12.1,26.6,20,16,29,80,20
T218T650,14,1,jaulon,22/04/13,13.26,18.9,12.1,26.6,20,6,11,30,21
T236T552,10,1,jaulon,23/03/13,12.14,11.9,9.8,15,12,0,0,0,1
T236T552,10,1,jaulon,10/04/13,12.58,16.1,12.5,20.6,12,0,0,0,2
T236T552,10,1,jaulon,18/04/13,13.17,22.3,14.2,31.6,12,0,0,0,3
T236T552,10,1,jaulon,20/04/13,13.21,18.9,11.8,25.5,12,0,0,0,4
T236T552,11,1,jaulon,05/03/13,11.3,12.8,11.4,16,20,0,0,0,1
T236T552,11,1,jaulon,18/03/13,12.03,11.8,4.5,18.7,18,0,0,0,2
T236T552,11,1,jaulon,20/03/13,12.08,12.7,8.4,17.7,18,0,0,0,3
T236T552,11,1,jaulon,01/04/13,12.37,14.4,10.4,19.3,16,0,0,0,4
T236T552,11,1,jaulon,08/04/13,12.53,14.1,6.9,21.1,16,0,0,0,5
T236T552,11,1,jaulon,12/04/13,13.03,17.5,13.2,22.9,12,0,0,0,6
T236T552,11,1,jaulon,14/04/13,13.08,20.2,11.6,29.4,12,0,0,0,7
T236T552,11,1,jaulon,17/04/13,13.14,22.4,13.5,33.3,12,0,0,0,8
T236T552,11,1,jaulon,17/04/13,13.14,22.4,13.5,33.3,14,0,0,0,9
T236T552,11,1,jaulon,17/04/13,13.14,22.4,13.5,33.3,14,0,0,0,10
T236T552,11,1,jaulon,19/04/13,13.19,21.5,13.1,30,12,0,0,0,11
T236T552,11,1,jaulon,22/04/13,13.26,18.9,12.1,26.6,12,0,0,0,12
T236T552,11,1,jaulon,24/04/13,13.31,16.8,9.9,24.8,10,0,0,0,13
T236T552,11,1,jaulon,24/04/13,13.31,16.8,9.9,24.8,12,0,0,0,14
T236T552,11,1,jaulon,24/04/13,13.31,16.8,9.9,24.8,10,0,0,0,15
T236T552,11,1,jaulon,24/04/13,13.31,16.8,9.9,24.8,6,0,0,0,16
T236T552,11,1,jaulon,24/04/13,13.31,16.8,9.9,24.8,12,0,0,0,17
T236T552,12,1,jaulon,21/03/13,12.1,13.8,7.8,22,16,0,0,0,1
T236T552,12,1,jaulon,08/04/13,12.53,14.1,6.9,21.1,14,0,0,0,2
T236T552,12,1,jaulon,08/04/13,12.53,14.1,6.9,21.1,16,0,0,0,3
T236T552,12,1,jaulon,21/04/13,13.24,19,11.4,26.8,12,0,0,0,4
T593T21,1,1,jaulon,27/03/13,12.34,15.3,13.4,19.2,20,0,0,0,1
T593T21,1,1,jaulon,08/04/13,12.53,14.1,6.9,21.1,18,0,0,0,2
T593T21,1,1,jaulon,11/04/13,13.01,16.4,12.1,21.6,18,0,0,0,3
T593T21,1,1,jaulon,17/04/13,13.14,22.4,13.5,33.3,18,0,0,0,4
T593T21,1,1,jaulon,17/04/13,13.14,22.4,13.5,33.3,18,0,0,0,5
T593T21,1,1,jaulon,19/04/13,13.19,21.5,13.1,30,16,0,0,0,6
T593T21,1,1,jaulon,21/04/13,13.24,19,11.4,26.8,16,0,0,0,7
T593T21,1,1,jaulon,22/04/13,13.26,18.9,12.1,26.6,18,0,0,0,8
T593T21,1,1,jaulon,24/04/13,13.31,16.8,9.9,24.8,18,0,0,0,9
T593T21,1,1,jaulon,24/04/13,13.31,16.8,9.9,24.8,18,0,0,0,10
T593T21,1,1,jaulon,26/04/13,13.35,20.2,15.9,26.7,14,0,0,0,11
T593T21,1,1,jaulon,26/04/13,13.35,20.2,15.9,26.7,18,0,0,0,12
T593T21,1,1,jaulon,30/04/13,13.43,10.9,8.3,15.7,14,0,0,0,13
T593T21,1,1,jaulon,30/04/13,13.43,10.9,8.3,15.7,16,0,0,0,14
T593T21,1,1,jaulon,30/04/13,13.43,10.9,8.3,15.7,16,0,0,0,15
T593T21,2,1,jaulon,20/03/13,12.08,12.7,8.4,17.7,22,0,0,0,1
T593T21,2,1,jaulon,05/04/13,12.46,13.5,8.9,19.4,22,0,0,0,2
T593T21,2,1,jaulon,08/04/13,12.53,14.1,6.9,21.1,18,0,0,0,3
T593T21,2,1,jaulon,12/04/13,13.03,17.5,13.2,22.9,18,0,0,0,4
T593T21,2,1,jaulon,15/04/13,13.10,20.2,13.4,28,16,1,2,5,5
T593T21,2,1,jaulon,16/04/13,13.12,21.3,13.2,30.8,16,0,0,0,6
T593T21,2,1,jaulon,17/04/13,13.14,22.4,13.5,33.3,16,0,0,0,7
T593T21,2,1,jaulon,18/04/13,13.17,22.3,14.2,31.6,16,0,0,0,8
T593T21,2,1,jaulon,19/04/13,13.19,21.5,13.1,30,18,1,2,5,9
T593T21,2,1,jaulon,19/04/13,13.19,21.5,13.1,30,16,1,4,5,10
T593T21,2,1,jaulon,19/04/13,13.19,21.5,13.1,30,16,0,0,0,11
T593T21,2,1,jaulon,22/04/13,13.26,18.9,12.1,26.6,16,0,0,0,12
T593T21,2,1,jaulon,22/04/13,13.26,18.9,12.1,26.6,16,0,1,0,13
T593T21,2,1,jaulon,22/04/13,13.26,18.9,12.1,26.6,16,0,0,0,14
T593T21,2,1,jaulon,22/04/13,13.26,18.9,12.1,26.6,16,0,0,0,15
T593T21,2,1,jaulon,22/04/13,13.26,18.9,12.1,26.6,18,0,0,0,16
T593T21,2,1,jaulon,22/04/13,13.26,18.9,12.1,26.6,16,0,0,0,17
T593T21,3,1,jaulon,27/03/13,12.24,15.3,13.4,19.2,18,0,0,0,1
T593T21,3,1,jaulon,01/04/13,12.37,14.4,10.4,19.3,20,1,2,5,2
T593T21,3,1,jaulon,10/04/13,12.58,16.1,12.5,20.6,20,1,1,5,3
T593T21,3,1,jaulon,12/04/13,13.03,17.5,13.2,22.9,18,0,0,0,4
T593T21,3,1,jaulon,12/04/13,13.03,17.5,13.2,22.9,20,0,0,0,5
T593T21,3,1,jaulon,13/04/13,13.06,17.6,7.8,27.6,18,0,2,0,6
T593T21,3,1,jaulon,13/04/13,13.06,17.6,7.8,27.6,18,0,0,0,7
T593T21,3,1,jaulon,15/04/13,13.10,20.2,13.4,28,20,0,0,0,8
T593T21,3,1,jaulon,15/04/13,13.10,20.2,13.4,28,16,0,0,0,9
T593T21,3,1,jaulon,15/04/13,13.10,20.2,13.4,28,18,0,0,0,10
T593T21,3,1,jaulon,15/04/13,13.10,20.2,13.4,28,14,0,0,0,11
T593T21,3,1,jaulon,16/04/13,13.12,21.3,13.2,30.8,18,0,1,0,12
T593T21,3,1,jaulon,16/04/13,13.12,21.3,13.2,30.8,18,2,2,10,13
T593T21,3,1,jaulon,16/04/13,13.12,21.3,13.2,30.8,18,8,12,40,14
T593T21,3,1,jaulon,17/04/13,13.14,22.4,13.5,33.3,18,2,3,10,15
T593T21,3,1,jaulon,17/04/13,13.14,22.4,13.5,33.3,18,0,0,0,16
T593T21,3,1,jaulon,19/04/13,13.19,21.5,13.1,30,16,0,0,0,17
T593T21,3,1,jaulon,19/04/13,13.19,21.5,13.1,30,16,0,0,0,18
T593T21,4,1,jaulon,01/04/13,12.37,14.4,10.4,19.3,22,0,0,0,1
T593T21,4,1,jaulon,01/04/13,12.37,14.4,10.4,19.3,20,1,1,5,2
T593T21,4,1,jaulon,12/04/13,13.03,17.5,13.2,22.9,18,0,0,0,3
T593T21,4,1,jaulon,15/04/13,13.10,20.2,13.4,28,18,0,0,0,4
T593T21,4,1,jaulon,16/04/13,13.12,21.3,13.2,30.8,20,1,2,5,5
T593T21,4,1,jaulon,17/04/13,13.14,22.4,13.5,33.3,20,6,9,30,6
T593T21,4,1,jaulon,19/04/13,13.19,21.5,13.1,30,20,0,0,0,7
T593T21,4,1,jaulon,19/04/13,13.19,21.5,13.1,30,18,0,0,0,8
T593T21,4,1,jaulon,19/04/13,13.19,21.5,13.1,30,18,0,0,0,9
T593T21,4,1,jaulon,19/04/13,13.19,21.5,13.1,30,20,5,12,25,10
T593T21,4,1,jaulon,22/04/13,13.26,18.9,12.1,26.6,18,0,0,0,11
T593T21,4,1,jaulon,22/04/13,13.26,18.9,12.1,26.6,18,0,0,0,12
T593T21,4,1,jaulon,22/04/13,13.26,18.9,12.1,26.6,16,0,1,0,13
T593T21,4,1,jaulon,22/04/13,13.26,18.9,12.1,26.6,20,0,0,0,14
T593T21,4,1,jaulon,22/04/13,13.26,18.9,12.1,26.6,18,0,0,0,15
T593T21,4,1,jaulon,22/04/13,13.26,18.9,12.1,26.6,18,0,0,0,16
T593T21,4,1,jaulon,22/04/13,13.26,18.9,12.1,26.6,16,0,0,0,17
T593T21,4,1,jaulon,26/04/13,13.35,20.2,15.9,26.7,18,0,0,0,18
T593T21,4,1,jaulon,26/04/13,13.35,20.2,15.9,26.7,18,0,0,0,19
T593T21,5,1,jaulon,18/03/13,12.03,11.8,4.5,18.7,24,0,0,0,1
T593T21,5,1,jaulon,01/04/13,12.37,14.4,10.4,19.3,20,0,0,0,2
T593T21,5,1,jaulon,07/04/13,12.51,12.1,4.9,19.6,20,0,0,0,3
T593T21,5,1,jaulon,08/04/13,12.53,14.1,6.9,21.1,20,0,0,0,4
T593T21,5,1,jaulon,08/04/13,12.53,14.1,6.9,21.1,22,0,0,0,5
T593T21,5,1,jaulon,10/04/13,12.58,16.1,12.5,20.6,18,0,0,0,6
T593T21,5,1,jaulon,12/04/13,13.03,17.5,13.2,22.9,20,0,0,0,7
T593T21,5,1,jaulon,14/04/13,13.08,20.2,11.6,29.4,20,0,1,0,8
T593T21,5,1,jaulon,15/04/13,13.10,20.2,13.4,28,18,0,0,0,9
T593T21,5,1,jaulon,15/04/13,13.10,20.2,13.4,28,20,0,0,0,10
T593T21,5,1,jaulon,15/04/13,13.10,20.2,13.4,28,20,0,1,0,11
T593T21,5,1,jaulon,17/04/13,13.14,22.4,13.5,33.3,20,0,0,0,12
T593T21,5,1,jaulon,17/04/13,13.14,22.4,13.5,33.3,18,2,2,10,13
T593T21,5,1,jaulon,17/04/13,13.14,22.4,13.5,33.3,18,0,0,0,14
T593T21,5,1,jaulon,17/04/13,13.14,22.4,13.5,33.3,18,0,1,0,15
T593T21,5,1,jaulon,17/04/13,13.14,22.4,13.5,33.3,18,0,0,0,16
T593T21,5,1,jaulon,17/04/13,13.14,22.4,13.5,33.3,18,0,1,0,17
T593T21,5,1,jaulon,17/04/13,13.14,22.4,13.5,33.3,16,1,1,5,18
T593T21,5,1,jaulon,17/04/13,13.14,22.4,13.5,33.3,18,19,65,95,19
T593T21,5,1,jaulon,17/04/13,13.14,22.4,13.5,33.3,14,0,0,0,20
T593T21,5,1,jaulon,19/04/13,13.19,21.5,13.1,30,18,0,0,0,21
T593T21AH1S,4,1,jaulon,06/04/13,12.48,11.4,4.8,17,18,0,0,0,1
T593T21AH1S,4,1,jaulon,07/04/13,12.51,12.1,4.9,19.6,20,0,1,0,2
T593T21AH1S,4,1,jaulon,15/04/13,13.10,20.2,13.4,28,18,0,0,0,3
T593T21AH1S,4,1,jaulon,19/04/13,13.19,21.5,13.1,30,20,0,0,0,4
T593T21AH1S,4,1,jaulon,19/04/13,13.19,21.5,13.1,30,18,9,29,45,5
T593T21AH1S,4,1,jaulon,19/04/13,13.19,21.5,13.1,30,20,7,7,35,6
T593T21AH1S,4,1,jaulon,21/04/13,13.24,19,11.4,26.8,20,9,26,45,7
T593T21AH1S,4,1,jaulon,22/04/13,13.26,18.9,12.1,26.6,20,4,7,20,8
T593T21AH1S,4,1,jaulon,22/04/13,13.26,18.9,12.1,26.6,20,4,20,20,9
T593T21AH1S,4,1,jaulon,22/04/13,13.26,18.9,12.1,26.6,20,8,15,40,10
T593T21AH1S,4,1,jaulon,26/04/13,13.35,20.2,15.9,26.7,18,6,6,30,11
T593T21AH1S,4,1,jaulon,26/04/13,13.35,20.2,15.9,26.7,18,2,3,10,12
T593T21AH1S,4,1,jaulon,26/04/13,13.35,20.2,15.9,26.7,18,11,17,55,13
T593T21AH1S,4,1,jaulon,26/04/13,13.35,20.2,15.9,26.7,18,4,5,20,14
T593T21AH1S,4,1,jaulon,26/04/13,13.35,20.2,15.9,26.7,18,3,4,15,15
T593T21AH1S,4,1,jaulon,27/04/13,13.37,18.1,14.9,22.9,18,4,11,20,16
T593T21AH1S,5,1,jaulon,17/04/13,13.14,22.4,13.5,33.3,20,10,31,50,1
T593T21AH1S,5,1,jaulon,24/04/13,13.31,16.8,9.9,24.8,20,7,23,35,2
T593T21AH1S,5,1,jaulon,24/04/13,13.31,16.8,9.9,24.8,18,8,16,40,3
T593T21AH1S,5,1,jaulon,30/04/13,13.43,10.9,8.3,15.7,20,0,0,0,4
T593T21AH1S,5,1,jaulon,30/04/13,13.43,10.9,8.3,15.7,20,2,5,10,5
T593T21AH1S,5,1,jaulon,30/04/13,13.43,10.9,8.3,15.7,22,2,4,10,6
T593T21AH1S,5,1,jaulon,30/04/13,13.43,10.9,8.3,15.7,18,0,0,0,7
T593T21AH1S,5,1,jaulon,02/05/13,13.47,16.5,7.2,25,18,0,1,0,8
T593T21AH1S,5,1,jaulon,02/05/13,13.47,16.5,7.2,25,20,0,0,0,9
T593T21AH1S,6,1,jaulon,18/03/13,12.03,11.8,4.5,18.7,20,0,0,0,1
T593T21AH1S,6,1,jaulon,29/03/13,12.29,15.1,13.5,17.2,18,0,0,0,2
T593T21AH1S,6,1,jaulon,02/04/13,12.39,13.7,8.2,20,18,15,37,75,3
T593T21AH1S,6,1,jaulon,12/04/13,13.03,17.5,13.2,22.9,20,11,23,55,4
T593T21AH1S,6,1,jaulon,12/04/13,13.03,17.5,13.2,22.9,18,0,0,0,5
T593T21AH1S,6,1,jaulon,12/04/13,13.03,17.5,13.2,22.9,18,3,17,15,6
T593T21AH1S,6,1,jaulon,12/04/13,13.03,17.5,13.2,22.9,18,4,12,20,7
T593T21AH1S,6,1,jaulon,14/04/13,13.08,20.2,11.6,29.4,18,11,38,55,8
T593T21AH1S,6,1,jaulon,14/04/13,13.08,20.2,11.6,29.4,16,1,3,5,9
T593T21AH1S,6,1,jaulon,16/04/13,13.12,21.3,13.2,30.8,20,11,32,55,10
T593T21AH1S,6,1,jaulon,19/04/13,13.19,21.5,13.1,30,20,15,55,75,11
T593T21AH1S,6,1,jaulon,20/04/13,13.21,18.9,11.8,25.5,18,10,32,50,12
T593T21AH1S,6,1,jaulon,22/04/13,13.26,18.9,12.1,26.6,16,12,32,60,13
T593T21AH1S,6,1,jaulon,22/04/13,13.26,18.9,12.1,26.6,18,11,25,55,14
T593T21AH1S,6,1,jaulon,22/04/13,13.26,18.9,12.1,26.6,18,15,48,75,15
T593T21AH1S,6,1,jaulon,22/04/13,13.26,18.9,12.1,26.6,20,16,56,80,16
T593T21AH1S,6,1,jaulon,22/04/13,13.26,18.9,12.1,26.6,18,10,25,50,17
T593T21AH1S,6,1,jaulon,22/04/13,13.26,18.9,12.1,26.6,18,18,42,90,18
T593T21AH1S,6,1,jaulon,26/04/13,13.35,20.2,15.9,26.7,16,10,34,50,19
T593T21AH1S,7,1,jaulon,22/03/13,12.13,11.6,6.7,16.3,20,0,0,0,1
T593T21AH1S,7,1,jaulon,27/03/13,12.24,15.3,13.4,19.2,20,0,0,0,2
T593T21AH1S,7,1,jaulon,06/04/13,12.48,11.4,4.8,17,18,0,0,0,3
T593T21AH1S,7,1,jaulon,06/04/13,12.48,11.4,4.8,17,18,0,0,0,4
T593T21AH1S,7,1,jaulon,08/04/13,12.53,14.1,6.9,21.1,18,0,0,0,5
T593T21AH1S,7,1,jaulon,12/04/13,13.03,17.5,13.2,22.9,20,0,0,0,6
T593T21AH1S,7,1,jaulon,15/04/13,13.10,20.2,13.4,28,18,0,0,0,7
T593T21AH1S,7,1,jaulon,15/04/13,13.10,20.2,13.4,28,18,0,0,0,8
T593T21AH1S,7,1,jaulon,15/04/13,13.10,20.2,13.4,28,14,0,0,0,9
T593T21AH1S,7,1,jaulon,17/04/13,13.14,22.4,13.5,33.3,18,0,0,0,10
T593T21AH1S,7,1,jaulon,17/04/13,13.14,22.4,13.5,33.3,18,0,0,0,11
T593T21AH1S,7,1,jaulon,17/04/13,13.14,22.4,13.5,33.3,12,0,0,0,12
T593T21AH1S,7,1,jaulon,17/04/13,13.14,22.4,13.5,33.3,18,0,0,0,13
T593T21AH1S,7,1,jaulon,17/04/13,13.14,22.4,13.5,33.3,16,0,0,0,14
T593T21AH1S,7,1,jaulon,17/04/13,13.14,22.4,13.5,33.3,18,0,0,0,15
T593T21AH1S,7,1,jaulon,19/04/13,13.19,21.5,13.1,30,18,0,0,0,16
T593T21AH1S,7,1,jaulon,19/04/13,13.19,21.5,13.1,30,18,0,0,0,17
T593T21AH1S,7,1,jaulon,19/04/13,13.19,21.5,13.1,30,16,0,1,0,18
T593T21AH1S,7,1,jaulon,19/04/13,13.19,21.5,13.1,30,16,0,0,0,19
T593T21AH1S,8,1,jaulon,07/04/13,12.51,12.1,4.9,19.6,20,1,2,5,1
T593T21AH1S,8,1,jaulon,12/04/13,13.03,17.5,13.2,22.9,22,2,10,10,2
T593T21AH1S,8,1,jaulon,12/04/13,13.03,17.5,13.2,22.9,18,5,7,25,3
T593T21AH1S,8,1,jaulon,16/04/13,13.12,21.3,13.2,30.8,18,0,0,0,4
T593T21AH1S,8,1,jaulon,18/04/13,13.17,22.3,14.2,31.6,18,14,37,70,5
T593T21AH1S,8,1,jaulon,19/04/13,13.19,21.5,13.1,30,18,15,43,75,6
T593T21AH1S,8,1,jaulon,21/04/13,13.24,19,11.4,26.8,20,14,49,70,7
T593T21AH1S,8,1,jaulon,21/04/13,13.24,19,11.4,26.8,18,18,47,90,8
T593T21AH1S,8,1,jaulon,22/04/13,13.26,18.9,12.1,26.6,18,12,38,60,9
T593T21AH1S,8,1,jaulon,24/04/13,13.31,16.8,9.9,24.8,20,13,47,65,10
T593T21AH1S,8,1,jaulon,24/04/13,13.31,16.8,9.9,24.8,18,18,36,90,11
T593T21AH1S,8,1,jaulon,24/04/13,13.31,16.8,9.9,24.8,18,11,17,55,12
T593T21AH1S,8,1,jaulon,24/04/13,13.31,16.8,9.9,24.8,18,12,25,60,13
T593T552,4,1,jaulon,04/04/13,12.43,13.3,10.1,17.9,20,0,0,0,1
T593T552,4,1,jaulon,08/04/13,12.53,14.1,6.9,21.1,20,5,8,25,2
T593T552,4,1,jaulon,10/04/13,12.58,16.1,12.5,20.6,20,6,11,30,3
T593T552,4,1,jaulon,12/04/13,13.03,17.5,13.2,22.9,16,0,0,0,4
T593T552,4,1,jaulon,12/04/13,13.03,17.5,13.2,22.9,18,1,1,5,5
T593T552,4,1,jaulon,14/04/13,13.08,20.2,11.6,29.4,20,4,6,20,6
T593T552,4,1,jaulon,15/04/13,13.10,20.2,13.4,28,20,14,29,70,7
T593T552,4,1,jaulon,17/04/13,13.14,22.4,13.5,33.3,18,13,31,65,8
T593T552,4,1,jaulon,17/04/13,13.14,22.4,13.5,33.3,18,8,18,40,9
T593T552,4,1,jaulon,18/04/13,13.17,22.3,14.2,31.6,16,5,6,25,10
T593T552,4,1,jaulon,19/04/13,13.19,21.5,13.1,30,16,14,21,70,11
T593T552,4,1,jaulon,19/04/13,13.19,21.5,13.1,30,16,12,22,60,12
T593T552,4,1,jaulon,19/04/13,13.19,21.5,13.1,30,18,12,25,60,13
T593T552,4,1,jaulon,19/04/13,13.19,21.5,13.1,30,18,16,37,80,14
T593T552,4,1,jaulon,19/04/13,13.19,21.5,13.1,30,18,7,29,35,15
T593T552,4,1,jaulon,21/04/13,13.24,19,11.4,26.8,18,15,31,75,16
T593T552,4,1,jaulon,22/04/13,13.26,18.9,12.1,26.6,18,11,46,55,17
T593T552,4,1,jaulon,22/04/13,13.26,18.9,12.1,26.6,18,5,14,25,18
T593T552,4,1,jaulon,22/04/13,13.26,18.9,12.1,26.6,16,5,15,25,19
T593T552,5,1,jaulon,29/03/13,12.29,15.1,13.5,17.2,18,0,0,0,1
T593T552,5,1,jaulon,03/04/13,12.42,11.8,8.7,16.1,20,1,1,5,2
T593T552,5,1,jaulon,12/04/13,13.03,17.5,13.2,22.9,20,15,34,75,3
T593T552,5,1,jaulon,12/04/13,13.03,17.5,13.2,22.9,20,0,0,0,4
T593T552,5,1,jaulon,12/04/13,13.03,17.5,13.2,22.9,20,5,9,25,5
T593T552,5,1,jaulon,12/04/13,13.03,17.5,13.2,22.9,18,1,1,5,6
T593T552,5,1,jaulon,15/04/13,13.10,20.2,13.4,28,18,14,26,70,7
T593T552,5,1,jaulon,15/04/13,13.10,20.2,13.4,28,20,7,22,35,8
T593T552,5,1,jaulon,17/04/13,13.14,22.4,13.5,33.3,18,12,34,60,9
T593T552,5,1,jaulon,17/04/13,13.14,22.4,13.5,33.3,20,13,47,65,10
T593T552,5,1,jaulon,17/04/13,13.14,22.4,13.5,33.3,18,15,51,75,11
T593T552,5,1,jaulon,19/04/13,13.19,21.5,13.1,30,18,18,47,90,12
T593T552,5,1,jaulon,19/04/13,13.19,21.5,13.1,30,18,18,57,90,13
T593T552,5,1,jaulon,19/04/13,13.19,21.5,13.1,30,18,16,51,80,14
T593T552,5,1,jaulon,19/04/13,13.19,21.5,13.1,30,18,16,59,80,15
T593T552,5,1,jaulon,19/04/13,13.19,21.5,13.1,30,20,18,42,90,16
T593T552,5,1,jaulon,19/04/13,13.19,21.5,13.1,30,18,14,27,70,17
T593T552,5,1,jaulon,19/04/13,13.19,21.5,13.1,30,18,14,36,70,18
T593T552,5,1,jaulon,19/04/13,13.19,21.5,13.1,30,16,9,19,45,19
T593T552,5,1,jaulon,21/04/13,13.24,19,11.4,26.8,18,17,44,85,20
T593T552,6,1,jaulon,28/03/13,12.27,15.8,12.1,20.4,16,0,0,0,1
T593T552,6,1,jaulon,10/04/13,12.58,16.1,12.5,20.6,18,3,4,15,2
T593T552,6,1,jaulon,11/04/13,13.01,16.4,12.1,21.6,18,3,7,15,3
T593T552,6,1,jaulon,12/04/13,13.03,17.5,13.2,22.9,18,0,0,0,4
T593T552,6,1,jaulon,12/04/13,13.03,17.5,13.2,22.9,18,10,12,50,5
T593T552,6,1,jaulon,12/04/13,13.03,17.5,13.2,22.9,16,11,24,55,6
T593T552,6,1,jaulon,13/04/13,13.06,17.6,7.8,27.6,18,5,10,25,7
T593T552,6,1,jaulon,17/04/13,13.14,22.4,13.5,33.3,18,14,37,70,8
T593T552,6,1,jaulon,17/04/13,13.14,22.4,13.5,33.3,20,15,45,75,9
T593T552,6,1,jaulon,17/04/13,13.14,22.4,13.5,33.3,18,9,18,45,10
T593T552,6,1,jaulon,17/04/13,13.14,22.4,13.5,33.3,18,13,23,65,11
T593T552,6,1,jaulon,17/04/13,13.14,22.4,13.5,33.3,18,14,28,70,12
T593T552,6,1,jaulon,17/04/13,13.14,22.4,13.5,33.3,18,12,23,60,13
T593T552,6,1,jaulon,19/04/13,13.19,21.5,13.1,30,20,15,39,75,14
T593T552,6,1,jaulon,19/04/13,13.19,21.5,13.1,30,18,15,35,75,15
T593T552,6,1,jaulon,19/04/13,13.19,21.5,13.1,30,18,12,29,60,16
T593T552,6,1,jaulon,19/04/13,13.19,21.5,13.1,30,18,12,31,60,17
T593T552,6,1,jaulon,19/04/13,13.19,21.5,13.1,30,14,9,17,45,18
T593T552,6,1,jaulon,19/04/13,13.19,21.5,13.1,30,18,12,34,60,19
T593T552,6,1,jaulon,19/04/13,13.19,21.5,13.1,30,14,3,5,15,20
T593T552,7,1,jaulon,30/03/13,12.32,17.3,12.5,22.1,20,0,0,0,1
T593T552,7,1,jaulon,09/04/13,12.56,15,10.9,19.4,18,3,4,15,2
T593T552,7,1,jaulon,12/04/13,13.03,17.5,13.2,22.9,20,14,39,70,3
T593T552,7,1,jaulon,12/04/13,13.03,17.5,13.2,22.9,20,0,0,0,4
T593T552,7,1,jaulon,13/04/13,13.06,17.6,7.8,27.6,20,10,24,50,5
T593T552,7,1,jaulon,18/04/13,13.17,22.3,14.2,31.6,18,17,39,85,6
T593T552,7,1,jaulon,18/04/13,13.17,22.3,14.2,31.6,18,15,39,75,7
T593T552,7,1,jaulon,19/04/13,13.19,21.5,13.1,30,16,12,39,60,8
T593T552,7,1,jaulon,19/04/13,13.19,21.5,13.1,30,18,15,38,75,9
T593T552,7,1,jaulon,19/04/13,13.19,21.5,13.1,30,18,18,47,90,10
T593T552,7,1,jaulon,19/04/13,13.19,21.5,13.1,30,16,16,35,80,11
T593T552,7,1,jaulon,19/04/13,13.19,21.5,13.1,30,18,15,32,75,12
T593T552,7,1,jaulon,19/04/13,13.19,21.5,13.1,30,20,14,37,70,13
T593T552,7,1,jaulon,19/04/13,13.19,21.5,13.1,30,18,15,49,75,14
T593T552,7,1,jaulon,19/04/13,13.19,21.5,13.1,30,18,13,27,65,15
T593T552,7,1,jaulon,24/04/13,13.31,16.8,9.9,24.8,18,12,45,60,16
T593T552,7,1,jaulon,24/04/13,13.31,16.8,9.9,24.8,18,16,44,80,17
T593T552,7,1,jaulon,24/04/13,13.31,16.8,9.9,24.8,18,18,18,90,18
T593T552,7,1,jaulon,24/04/13,13.31,16.8,9.9,24.8,18,10,41,50,19
T593T552,7,1,jaulon,24/04/13,13.31,16.8,9.9,24.8,18,14,45,70,20
T593T552,7,1,jaulon,24/04/13,13.31,16.8,9.9,24.8,18,12,19,60,21
T593T552,8,1,jaulon,26/03/13,12.22,15.1,13.6,18.6,20,0,0,0,1
T593T552,8,1,jaulon,04/04/13,12.43,13.3,10.1,17.9,20,2,5,10,2
T593T552,8,1,jaulon,12/04/13,13.03,17.5,13.2,22.9,20,2,6,10,3
T593T552,8,1,jaulon,15/04/13,13.10,20.2,13.4,28,18,0,0,0,4
T593T552,8,1,jaulon,15/04/13,13.10,20.2,13.4,28,18,16,33,80,5
T593T552,8,1,jaulon,17/04/13,13.14,22.4,13.5,33.3,18,15,36,75,6
T593T552,8,1,jaulon,17/04/13,13.14,22.4,13.5,33.3,16,15,35,75,7
T593T552,8,1,jaulon,19/04/13,13.19,21.5,13.1,30,18,6,9,30,8
T593T552,8,1,jaulon,19/04/13,13.19,21.5,13.1,30,14,9,13,45,9
T593T552,8,1,jaulon,22/04/13,13.26,18.9,12.1,26.6,18,15,37,75,10
T593T552,8,1,jaulon,22/04/13,13.26,18.9,12.1,26.6,18,13,43,65,11
T593T552,8,1,jaulon,22/04/13,13.26,18.9,12.1,26.6,18,13,22,65,12
T593T552,8,1,jaulon,22/04/13,13.26,18.9,12.1,26.6,16,1,2,5,13
T593T552,8,1,jaulon,26/04/13,13.35,20.2,15.9,26.7,16,15,32,75,14
T593T552,8,1,jaulon,26/04/13,13.35,20.2,15.9,26.7,18,8,17,40,15
T593T552,8,1,jaulon,26/04/13,13.35,20.2,15.9,26.7,16,0,0,0,16
T593T552,8,1,jaulon,26/04/13,13.35,20.2,15.9,26.7,16,0,0,0,17
T593T552,8,1,jaulon,26/04/13,13.35,20.2,15.9,26.7,16,16,16,80,18
T650T552,14,1,jaulon,22/03/13,12.13,11.6,6.7,16.3,18,0,1,0,1
T650T552,14,1,jaulon,01/04/13,12.37,14.4,10.4,19.3,20,0,0,0,2
T650T552,14,1,jaulon,09/04/13,12.56,15,10.9,19.4,20,12,42,60,3
T650T552,14,1,jaulon,17/04/13,13.14,22.4,13.5,33.3,20,0,0,0,4
T650T552,14,1,jaulon,18/04/13,13.17,22.3,14.2,31.6,22,13,64,65,5
T650T552,14,1,jaulon,22/04/13,13.26,18.9,12.1,26.6,20,13,32,65,6
T650T552,14,1,jaulon,22/04/13,13.26,18.9,12.1,26.6,20,14,44,70,7
T650T552,14,1,jaulon,22/04/13,13.26,18.9,12.1,26.6,20,17,58,85,8
T650T552,14,1,jaulon,22/04/13,13.26,18.9,12.1,26.6,20,4,23,20,9
T650T552,14,1,jaulon,24/04/13,13.31,16.8,9.9,24.8,20,19,45,95,10
T650T552,14,1,jaulon,25/04/13,13.33,17.2,8.5,23.9,18,13,37,65,11
T650T552,14,1,jaulon,26/04/13,13.35,20.2,15.9,26.7,20,11,48,55,12
T650T552,14,1,jaulon,26/04/13,13.35,20.2,15.9,26.7,18,18,44,90,13
T650T552,14,1,jaulon,26/04/13,13.35,20.2,15.9,26.7,20,8,32,40,14
T650T552,14,1,jaulon,26/04/13,13.35,20.2,15.9,26.7,18,7,21,35,15
T650T552,14,1,jaulon,26/04/13,13.35,20.2,15.9,26.7,20,9,28,45,16
T650T552,14,1,jaulon,26/04/13,13.35,20.2,15.9,26.7,18,7,39,35,17
T650T552,15,1,jaulon,28/03/13,12.27,15.8,12.1,20.4,18,7,11,35,1
T650T552,15,1,jaulon,10/04/13,12.58,16.1,12.5,20.6,20,16,66,80,2
T650T552,15,1,jaulon,12/04/13,13.03,17.5,13.2,22.9,22,19,65,95,3
T650T552,15,1,jaulon,19/04/13,13.19,21.5,13.1,30,20,0,0,0,4
T650T552,15,1,jaulon,19/04/13,13.19,21.5,13.1,30,20,13,47,65,5
T650T552,15,1,jaulon,19/04/13,13.19,21.5,13.1,30,20,14,49,70,6
T650T552,15,1,jaulon,19/04/13,13.19,21.5,13.1,30,20,15,41,75,7
T650T552,15,1,jaulon,20/04/13,13.21,18.9,11.8,25.5,22,16,52,80,8
T650T552,15,1,jaulon,22/04/13,13.26,18.9,12.1,26.6,20,16,47,80,9
T650T552,15,1,jaulon,22/04/13,13.26,18.9,12.1,26.6,20,18,71,90,10
T650T552,15,1,jaulon,22/04/13,13.26,18.9,12.1,26.6,20,4,23,20,11
T650T552,15,1,jaulon,22/04/13,13.26,18.9,12.1,26.6,20,18,42,90,12
T650T552,15,1,jaulon,22/04/13,13.26,18.9,12.1,26.6,20,13,50,65,13
T650T552,15,1,jaulon,24/04/13,13.31,16.8,9.9,24.8,18,14,66,70,14
T650T552,15,1,jaulon,24/04/13,13.31,16.8,9.9,24.8,18,7,26,35,15
T650T552,15,1,jaulon,24/04/13,13.31,16.8,9.9,24.8,20,7,24,35,16
T650T552,16,1,jaulon,25/03/13,12.19,12.1,7.4,15.9,20,1,7,5,1
T650T552,16,1,jaulon,10/04/13,12.58,16.1,12.5,20.6,20,18,80,90,2
T650T552,16,1,jaulon,14/04/13,13.08,20.2,11.6,29.4,20,16,87,80,3
T650T552,16,1,jaulon,15/04/13,13.10,20.2,13.4,28,22,0,0,0,4
T650T552,16,1,jaulon,17/04/13,13.14,22.4,13.5,33.3,20,19,75,95,5
T650T552,16,1,jaulon,17/04/13,13.14,22.4,13.5,33.3,20,7,26,35,6
T650T552,16,1,jaulon,19/04/13,13.19,21.5,13.1,30,16,14,43,70,7
T650T552,16,1,jaulon,19/04/13,13.19,21.5,13.1,30,16,10,40,50,8
T650T552,16,1,jaulon,19/04/13,13.19,21.5,13.1,30,18,13,41,65,9
T650T552,16,1,jaulon,19/04/13,13.19,21.5,13.1,30,20,9,48,45,10
T650T552,16,1,jaulon,22/04/13,13.26,18.9,12.1,26.6,20,15,48,75,11
T650T552,16,1,jaulon,22/04/13,13.26,18.9,12.1,26.6,18,13,47,65,12
T650T552,16,1,jaulon,22/04/13,13.26,18.9,12.1,26.6,20,19,75,95,13
T650T552,16,1,jaulon,22/04/13,13.26,18.9,12.1,26.6,20,15,67,75,14
T650T552,16,1,jaulon,22/04/13,13.26,18.9,12.1,26.6,18,8,28,40,15
T650T552,16,1,jaulon,24/04/13,13.31,16.8,9.9,24.8,20,9,40,45,16
T650T552,16,1,jaulon,24/04/13,13.31,16.8,9.9,24.8,20,11,57,55,17
T650T552,17,1,jaulon,01/04/13,12.37,14.4,10.4,19.3,18,3,4,15,1
T650T552,17,1,jaulon,10/04/13,12.58,16.1,12.5,20.6,18,3,3,15,2
T650T552,17,1,jaulon,17/04/13,13.14,22.4,13.5,33.3,20,17,62,85,3
T650T552,17,1,jaulon,19/04/13,13.19,21.5,13.1,30,20,0,0,0,4
T650T552,17,1,jaulon,19/04/13,13.19,21.5,13.1,30,20,15,55,75,5
T650T552,17,1,jaulon,19/04/13,13.19,21.5,13.1,30,20,18,63,90,6
T650T552,17,1,jaulon,19/04/13,13.19,21.5,13.1,30,18,18,54,90,7
T650T552,17,1,jaulon,19/04/13,13.19,21.5,13.1,30,20,14,41,70,8
T650T552,17,1,jaulon,19/04/13,13.19,21.5,13.1,30,20,20,75,100,9
T650T552,17,1,jaulon,19/04/13,13.19,21.5,13.1,30,20,16,61,80,10
T650T552,17,1,jaulon,19/04/13,13.19,21.5,13.1,30,18,6,11,30,11
T650T552,17,1,jaulon,19/04/13,13.19,21.5,13.1,30,18,16,49,80,12
T650T552,17,1,jaulon,22/04/13,13.26,18.9,12.1,26.6,18,14,45,70,13
T650T552,17,1,jaulon,22/04/13,13.26,18.9,12.1,26.6,20,18,67,90,14
T650T552,17,1,jaulon,22/04/13,13.26,18.9,12.1,26.6,20,13,73,65,15
T650T552,17,1,jaulon,22/04/13,13.26,18.9,12.1,26.6,20,15,63,75,16
T650T552,17,1,jaulon,24/04/13,13.31,16.8,9.9,24.8,20,11,58,55,17
T650T552,17,1,jaulon,24/04/13,13.31,16.8,9.9,24.8,20,20,20,100,18
T650T552,17,1,jaulon,24/04/13,13.31,16.8,9.9,24.8,20,15,54,75,19
T650T552,17,1,jaulon,24/04/13,13.31,16.8,9.9,24.8,20,15,69,80,20
T650T552,17,1,jaulon,24/04/13,13.31,16.8,9.9,24.8,20,15,56,75,21
T650T552,18,1,jaulon,27/03/13,12.24,15.3,13.4,19.2,18,3,22,15,1
T650T552,18,1,jaulon,08/04/13,12.53,14.1,6.9,21.1,20,7,31,35,2
T650T552,18,1,jaulon,12/04/13,13.03,17.5,13.2,22.9,20,17,64,85,3
T650T552,18,1,jaulon,12/04/13,13.03,17.5,13.2,22.9,22,0,0,0,4
T650T552,18,1,jaulon,15/04/13,13.10,20.2,13.4,28,22,14,72,70,5
T650T552,18,1,jaulon,16/04/13,13.12,21.3,13.2,30.8,22,18,64,90,6
T650T552,18,1,jaulon,17/04/13,13.14,22.4,13.5,33.3,20,18,56,90,7
T650T552,18,1,jaulon,17/04/13,13.14,22.4,13.5,33.3,20,17,59,85,8
T650T552,18,1,jaulon,18/04/13,13.17,22.3,14.2,31.6,22,13,57,65,9
T650T552,18,1,jaulon,18/04/13,13.17,22.3,14.2,31.6,18,16,61,80,10
T650T552,18,1,jaulon,19/04/13,13.19,21.5,13.1,30,20,19,90,95,11
T650T552,18,1,jaulon,19/04/13,13.19,21.5,13.1,30,20,20,79,100,12
T650T552,18,1,jaulon,19/04/13,13.19,21.5,13.1,30,18,14,52,70,13
T650T552,18,1,jaulon,19/04/13,13.19,21.5,13.1,30,18,14,49,70,14
T650T552,18,1,jaulon,24/04/13,13.31,16.8,9.9,24.8,20,15,59,75,15
T650T552,18,1,jaulon,24/04/13,13.31,16.8,9.9,24.8,20,17,70,85,16
T650T552,18,1,jaulon,24/04/13,13.31,16.8,9.9,24.8,20,18,73,90,17
T650T552,18,1,jaulon,24/04/13,13.31,16.8,9.9,24.8,20,20,20,100,18
T650T552,18,1,jaulon,24/04/13,13.31,16.8,9.9,24.8,18,17,70,85,19
T650T552,18,1,jaulon,24/04/13,13.31,16.8,9.9,24.8,20,18,60,90,20
T650T552,18,1,jaulon,24/04/13,13.31,16.8,9.9,24.8,20,15,58,75,21
